date,RF,R_M_next,mom_vw,mom_ew,french_mom_next,beta_form,beta_pred,sigma_b2_S,sigma_b2_B,n_stocks
1927-07-31,0.11834089000000002,0.0199,0.01201040910787039,-0.0011643137433582644,0.0136,,,,,511
1927-08-31,0.15981529,0.0476999999999999,0.017693723971621705,0.018342090498049506,0.0194,,,,,513
1927-09-30,0.17548674,-0.0429,-0.010606237535577968,0.014680464674397861,-0.009,,,,,517
1927-10-31,0.2544759299999999,0.0652,-0.0022580725357952414,-0.043478084975701034,-0.0023,,,,,519
1927-11-30,0.18516666999999992,0.0209,0.02964422021646248,0.011903479479024433,0.0311,,,,,523
1927-12-31,0.2205385099999999,-0.0056999999999999,-0.006126395265202737,0.02559273692383679,-0.0045,,,,,524
1928-01-31,0.24145471999999993,-0.0169,-0.008694368111088209,-0.019607908897561692,-0.0107,,,,,525
1928-02-29,0.19588379000000003,0.0878999999999999,0.05571131731486888,0.012694405986421547,0.0475,,,,,529
1928-03-31,0.17736011000000002,0.0425,-0.040045719695737475,-0.04067726125541125,-0.0584999999999999,,,,,531
1928-04-30,0.25261263,0.0152,0.030609691197570024,0.0010364805733101765,0.0264,,,,,534
1928-05-31,0.24184663,-0.049,0.01987695183258833,0.003560617179465056,0.0169,,,,,540
1928-06-30,0.2810715099999999,0.0063,0.02309954244381844,0.01532033552352215,0.0254,,,,,543
1928-07-31,0.1627109699999999,0.0669,0.03822567492480665,0.034536850391137464,0.0368,,,,,545
1928-08-31,0.14950284999999994,0.0287,0.033938863727955404,0.01869901163665863,0.0349,,,,,551
1928-09-30,0.16638862000000001,0.0131,0.053452231019317266,0.04893984140758001,0.0516999999999999,,,,,552
1928-10-31,0.23882060000000002,0.1182,0.024868312675177653,0.031855732091548766,0.0187,,,,,555
1928-11-30,0.19088324000000004,0.004,0.017824186939615367,0.010789149724138454,0.0144,,,,,560
1928-12-31,0.27424563,0.0466,0.028839526190090958,0.027361630453718866,0.0243,,,,,566
1929-01-31,0.2839454699999999,-0.0034,0.029404277095563314,0.032112863194186395,0.0306999999999999,,,,,567
1929-02-28,0.3453453099999999,-0.0085,-0.009863774908963258,0.005384684462787909,-0.0062,,,,,562
1929-03-31,0.26202731,0.0147,0.022960763958848343,0.0352697157703427,0.0207,,,,,561
1929-04-30,0.21288371000000003,-0.0638,-0.023857710077932054,-0.026790834621183035,-0.0219,,,,,566
1929-05-31,0.21239438,0.0969999999999999,0.08709323170663744,0.0826461239568241,0.0831,,,,,570
1929-06-30,0.19605376,0.0448,0.02663003240991091,0.02180792643804949,0.0296,,,,,571
1929-07-31,0.2769002099999999,0.0814,0.039577816611738176,0.03056564334754657,0.044,,,,,573
1929-08-31,0.2573350199999999,-0.0545,0.02524449785490889,0.04433878931701151,0.0296,,,,,579
1929-09-30,0.3039846399999999,-0.2007,0.023801419082180697,0.008054274987903565,0.0243999999999999,,,,,585
1929-10-31,0.23383045999999988,-0.1286999999999999,-0.020383102019983473,-0.011299336371042537,-0.0204,,,,,589
1929-11-30,-0.11000641000000008,0.0128,0.05243858317158438,0.06662587776092371,0.0542,,,,,596
1929-12-31,-0.25877550999999993,0.0561,-0.04829421645664703,-0.11102219548496817,-0.0546,,,,,600
1930-01-31,-0.2904567099999999,0.025,0.010515520925289585,0.00903286716436717,0.0112,,,,,605
1930-02-28,-0.23418313999999993,0.0709,-0.03293711558812665,-0.06164436860968542,-0.0423,,,,,605
1930-03-31,-0.20133978999999996,-0.0204999999999999,0.039627413560340385,0.0347193744018215,0.0412999999999999,,,,,619
1930-04-30,-0.15014573999999992,-0.0166,-0.002745744302516031,0.02040572111739039,-0.0076,,,,,632
1930-05-31,-0.10343321999999983,-0.1607999999999999,0.06990767285778621,0.06710340346538593,0.0584,,,,,634
1930-06-30,-0.20735221999999975,0.0412,-0.017902751299110967,-0.027794453821328557,-0.0214,,,,,644
1930-07-31,-0.4362198199999996,0.003,0.040543416476761934,0.02233337183434676,0.0387,,,,,651
1930-08-31,-0.47124809999999956,-0.1281,0.12391689586276645,0.11509367981064736,0.1159,,,,,658
1930-09-30,-0.4109802999999996,-0.0877999999999999,0.05873747726584386,0.04541171333849402,0.0628,,,,,664
1930-10-31,-0.31515081999999955,-0.0304,-0.017321353304023485,-0.009539025767457394,-0.0134,,,,,667
1930-11-30,-0.2657931399999996,-0.0786,0.13486604005489256,0.10333394527240428,0.1251,,,,,672
1930-12-31,-0.30966657999999964,0.0625,-0.1161689160240371,-0.12792145053501877,-0.111,,,,,674
1931-01-31,-0.4472087499999996,0.1088,-0.13770332596711046,-0.11785882013436247,-0.1358,,,,,677
1931-02-28,-0.4130087499999996,-0.0635,0.0960160199958558,0.10418118437847868,0.0971,,,,,683
1931-03-31,-0.38171474999999966,-0.1,0.11240129904262375,0.09711680814970669,0.1097,,,,,691
1931-04-30,-0.4282872499999997,-0.1329,0.09357184230347126,0.09502209988431898,0.0922,,,,,690
1931-05-31,-0.5213748499999997,0.1393,-0.18020465314044298,-0.17152921667658866,-0.1754,,,,,694
1931-06-30,-0.4855951699999999,-0.0663,0.08515102649407066,0.09446801995347766,0.0837,,,,,695
1931-07-31,-0.40523125999999987,0.004,-0.02704828702809114,-0.014984387068788418,-0.0332,,,,,694
1931-08-31,-0.47887546999999986,-0.2874,0.09394558547030046,0.08661598025979778,0.093,,,,,695
1931-09-30,-0.33066487999999994,0.0799,0.02878484824125234,0.02454256043519057,0.0289999999999999,,,,,695
1931-10-31,-0.6051476,-0.0914,0.07872048948779888,0.07495303069047997,0.0803,,,,,694
1931-11-30,-0.5004268700000001,-0.1352,0.1352180201965128,0.12159712100041828,0.1292,,,,,694
1931-12-31,-0.51535753,-0.0157,-0.08789569542138834,-0.08450395607789865,-0.0993999999999999,,,,,695
1932-01-31,-0.72717433,0.0545,0.016861133782149547,0.034093273109931814,0.0148,,,,,690
1932-02-29,-0.8400037499999999,-0.113,0.10314845286320572,0.10731662137784007,0.1003999999999999,,,,,688
1932-03-31,-0.72114965,-0.1794,0.08897113804482035,0.07401873904524695,0.0765,,,,,691
1932-04-30,-0.73681785,-0.2051,0.1274809568128944,0.0698150589394956,0.1253999999999999,,,,,685
1932-05-31,-0.79776207,-0.0077,0.01506521304968797,0.0030745229810016095,0.0192,,,,,681
1932-06-30,-1.16458909,0.3361,-0.45594587512404416,-0.4617001461491074,-0.4563,-0.37716778120491395,-0.6306653521469102,0.12902883833091772,0.16360484725633623,680
1932-07-31,-1.10169093,0.3712,-0.5349166242468781,-0.5739427834613358,-0.5261,-0.3691880124068062,-0.6661996134368968,0.1476087420269578,0.16315636726729282,674
1932-08-31,-0.88260416,-0.0294,0.023606290882750285,0.02422601216000917,0.0246,-0.21965712741776428,-0.7739257500244463,0.16012079464968876,0.16133127986903256,676
1932-09-30,-0.27939242,-0.1315,0.04114614835520411,0.004985748362342279,0.0462,0.2734582386605429,-0.2197115367901215,0.12958668477383561,0.13648089972159363,678
1932-10-31,-0.38308405,-0.0588,-0.012873681059071967,0.021349995868381835,-0.0096,0.11405862914101728,-0.36123687772312785,0.12985151843106307,0.1413580775835639,677
1932-11-30,-0.43225142000000005,0.0441999999999999,0.049238882807137216,0.017928802755112112,0.0464,0.03137441496652349,-0.38024248011098705,0.13681221238587904,0.13750661946944215,679
1932-12-31,-0.34118030000000005,0.0124,-0.03939819445915109,-0.0390533260852948,-0.0243999999999999,0.13110945327379342,-0.36211547928367255,0.19153214427632514,0.14269258141209218,678
1933-01-31,-0.2830279800000001,-0.1528999999999999,0.04708726210442438,0.07049091773338832,0.046,0.08772708178428745,-0.26682734345284953,0.1809158992659648,0.146850566926396,676
1933-02-28,-0.32218738000000013,0.0306,0.043478805489329655,0.04420367488366486,0.0424,-0.007540723857177134,-0.32134667832596736,0.17284415986943336,0.14720390708481398,679
1933-03-31,-0.37292346,0.3881,-0.1659177405585962,-0.09007958053819443,-0.1705,-0.01953485951870626,-0.3272161887205458,0.17909419729978027,0.15313710571274128,678
1933-04-30,-0.13188504,0.2143,-0.059281955754535265,-0.09244909199580731,-0.0554,0.049077667032210726,-0.11287605081978354,0.15906184222246467,0.1429045475310402,677
1933-05-31,0.3522482,0.131,0.039395238083709594,-4.126235002624434e-05,0.0425,0.40728225336966717,0.2506870146476423,0.15820831108419692,0.13661806101395985,679
1933-06-30,0.5282957400000001,-0.0964,-0.0003178026083039964,-0.00414772367726568,-0.0034999999999999,0.44698593390815416,0.35206363817630393,0.15904881535906806,0.13528891333612056,680
1933-07-31,0.41903897000000007,0.1204,0.07721899109948749,0.06995915649350652,0.0754,0.24738195298343307,0.471014792291914,0.23922404510033374,0.2021637365353657,674
1933-08-31,0.08006609000000006,-0.1065,0.01150177665069127,0.039553534516455574,0.0163999999999999,-0.025199605010182924,0.13159682748451162,0.29789677737310494,0.24562780103660026,675
1933-09-30,0.21618935000000006,-0.0836,-0.02568180799554455,-0.014131236873364234,-0.0213,0.12260453667398008,0.3240806211997246,0.29628353087401893,0.2395630466329524,674
1933-10-31,0.24713435000000009,0.0997,0.06685567715761914,0.0399168109674011,0.0646,0.18420537994571629,0.3108025921554004,0.2891863530246358,0.2473612366259758,673
1933-11-30,0.21879943000000004,0.0182,0.03961683075254292,0.033225323625759015,0.0401,0.23300869271050584,0.30576611882743077,0.2916788349231417,0.2467821964679823,673
1933-12-31,0.26629746000000015,0.126,-0.030497493444048146,-0.09177349269437068,-0.0348,0.2757886622510378,0.3355010382415661,0.2880114930558627,0.23876308204453298,672
1934-01-31,0.27191758000000016,-0.0250999999999999,-0.0010402445088474321,0.007591678055264598,0.0009,0.28395878696764254,0.30994097385256725,0.2884675213219577,0.24292425662033232,671
1934-02-28,0.5583028600000001,0.0009,-0.005834355273108765,0.0033097115796232902,-0.0067,0.5649892174571176,0.6177172908897448,0.27268962814609854,0.2452962823011872,670
1934-03-31,0.5029264700000001,-0.0179,-0.05160160030894326,-0.04457105724427765,-0.0481,0.5687797536337096,0.6321434002277908,0.30394746224980734,0.24413436963439922,671
1934-04-30,0.2667351900000001,-0.0726,-0.023885572037431038,-0.02219463761526716,-0.0239,0.22144647917298055,0.4006515548867374,0.31769324127226173,0.24867828563777883,672
1934-05-31,0.08022678000000011,0.0271,-0.005250661573776615,0.01133240827106691,-0.0079,-0.06118931734001454,0.1509853510909322,0.30988842667939204,0.2503411349300809,675
1934-06-30,-0.1114495199999999,-0.1094,0.08815195588701502,0.07663390386525235,0.088,-0.3277046956049061,-0.19847670765186196,0.29648987230137536,0.24662844919945548,675
1934-07-31,0.020587040000000105,0.0558,0.024778480823754667,0.02406536559416375,0.0256,-0.3035050962443817,0.03717248463656162,0.2859583182442711,0.2409283426231171,677
1934-08-31,-0.20663809999999988,-0.0024,0.001625173114857859,0.0058624024711879455,-0.0006,-0.537753589044214,-0.3071134927119822,0.27719982616831984,0.24273740967033336,681
1934-09-30,-0.03613636999999987,-0.0166,0.06603085199882218,0.07466261806036398,0.0688,-0.30361970899006263,-0.058411563810370465,0.27504736161873033,0.24702867280204757,680
1934-10-31,0.05203871000000011,0.0833,0.03604078028467174,0.03342751789269505,0.0377,-0.22643487477304847,0.10128641119883587,0.2672775950569731,0.24519424607251467,681
1934-11-30,-0.05457515999999989,0.0036,0.047119267699436564,0.04926444642367871,0.0453,-0.3845982866056664,-0.0907232271550201,0.26572541899746394,0.24759967206947736,678
1934-12-31,0.00391250000000011,-0.0346,0.03111534159663212,0.021171990139641383,0.031,-0.3011151348210358,0.006843865826265723,0.2690624994366347,0.238767027786414,678
1935-01-31,-0.1025618199999999,-0.0196,0.14254034796357856,0.13942979178202045,0.1446,-0.4056530419782399,-0.14989153914764697,0.2645507725799677,0.24266357573073863,680
1935-02-28,-0.11263053,-0.0371,0.02509243030083387,0.024147456297154597,0.0237,-0.5277828105859685,-0.18149412039924914,0.2786114595050644,0.22011004778590768,679
1935-03-31,-0.13350978,0.0906,-0.04204374118881028,-0.03460287528655119,-0.0475,-0.5531256669165288,-0.19927797416782778,0.27052162170025446,0.23269659928218178,679
1935-04-30,-0.15376386,0.0346,-0.042600406467738196,-0.03270992874917582,-0.0359,-0.6377840461693316,-0.21299318904531728,0.27255418844371865,0.2353780262485023,677
1935-05-31,0.006482219999999997,0.0593,0.02411567285772278,0.045600370839516804,0.0266,-0.4660883844317204,0.009818466263119902,0.2691073098234863,0.23766816888560321,676
1935-06-30,0.013518719999999998,0.0754,-0.04861948220070497,-0.05655413013118388,-0.0479,-0.4894403281854157,0.022112780238653852,0.26891900922797185,0.2395108173200369,674
1935-07-31,0.19065371999999997,0.0265,-0.06586750591952781,-0.10409991132375507,-0.0646,-0.24427479789807316,0.39945331281116714,0.27134186386718157,0.24905803482511496,676
1935-08-31,0.20768024,0.0262,0.08680661177956056,0.10146035712572694,0.0831,-0.29803875466485985,0.37752700049923166,0.2669401281318837,0.2542609053868929,672
1935-09-30,0.23588085999999997,0.0703,0.017935687484950252,0.031171459865328766,0.0182,-0.11842596280350215,0.5252553599017474,0.26509512919698675,0.25850228550020615,671
1935-10-31,0.2782657,0.0487,-0.06677824626292589,-0.1220680275754015,-0.0713999999999999,0.03623206136647361,0.5015326366525796,0.28769347017424746,0.2659445204420877,668
1935-11-30,0.26726379999999994,0.0455,0.038389910572925845,0.049079553285888936,0.037,-0.003434733107966159,0.4910197751495084,0.2883059231877977,0.2723715179184967,670
1935-12-31,0.30999568999999993,0.0689,-0.032771473752394004,-0.012061581216328082,-0.0295,0.17468217724761848,0.6046731530598122,0.29638219474716104,0.2670567569487586,669
1936-01-31,0.38921459,0.0249,0.02457894474610923,0.025904411442813538,0.0253,0.2885764186516021,0.751575679612346,0.2990463998568586,0.26681540499599377,668
1936-02-29,0.47334073,0.0096,0.02182453010572521,0.016754153556527568,0.0163,0.5161866650994505,0.7202618077557322,0.2937117686372717,0.27187830069323704,670
1936-03-31,0.53609093,-0.0814,-0.07608799021175232,-0.08358836874567793,-0.0767,0.6178765019052366,0.7872610792396901,0.29709224593164396,0.2787272797321494,671
1936-04-30,0.46321427,0.0519,0.028055571182000028,0.03395757731578946,0.025,0.5615328323826863,0.7539674329845094,0.2985373646415591,0.26304515773424414,673
1936-05-31,0.34180520999999997,0.024,0.007739444693212957,0.0015554074421630674,0.0056,0.44158312207748435,0.62334087628548,0.29911513811762946,0.26899799211774106,673
1936-06-30,0.33522364,0.0668,0.032547813794646586,0.04157604195868399,0.0249,0.4991102032963442,0.5560005827411241,0.3003552907390773,0.27305065572054144,677
1936-07-31,0.28893314,0.0098999999999999,0.004705231272429951,0.01446313547629308,0.006,0.33529958324336273,0.5098572270048061,0.30340303460929674,0.2761336515742983,678
1936-08-31,0.32546911999999995,0.0097,0.005555250840747029,0.005762338482188684,0.0141,0.33775216717218554,0.6066547639826365,0.30581774823809427,0.2773158651320683,682
1936-09-30,0.3097581899999999,0.071,0.010311730915021328,0.007845438484344075,0.0112,0.3631582809461066,0.620129142063051,0.2989367997899738,0.28844710566910825,680
1936-10-31,0.2540122499999999,0.0326,0.020783934560107048,0.012275541461480827,0.0204,0.32866047472379334,0.49386118801151035,0.304197534585142,0.2729905109716168,683
1936-11-30,0.2736384799999999,0.002,0.023693665963305525,0.019879367188638506,0.0213,0.23344382888536475,0.6463234299485214,0.30362973878381116,0.27336719957225963,687
1936-12-31,0.26174725999999987,0.0335,-0.010750946859469993,0.0021740054200928144,-0.0194,0.28875254649141324,0.5872136476308267,0.30762597379458806,0.26684356807595455,689
1937-01-31,0.19959735999999986,0.0108,0.02342990276634123,0.020087204619486883,0.0272,0.2002193345470944,0.4578889388532327,0.3015457249735092,0.27716270043071567,689
1937-02-28,0.20769425999999985,-0.0026,0.033345602870395626,0.01760558992467043,0.0333,0.2818454155624285,0.5278787917516007,0.2991434276018349,0.28855478167579024,692
1937-03-31,0.20886953999999985,-0.0736,-0.03522837788880413,-0.019970835069466647,-0.0354,0.3128484748057868,0.5110661699272727,0.30128196959553843,0.29090502119659384,698
1937-04-30,0.2942727199999999,-0.0083,0.003949421131371658,0.011360310819829893,0.0056999999999999,0.5195625224816689,0.6172162854810526,0.30924256146870543,0.2869478997997413,699
1937-05-31,0.1660818299999999,-0.0423,0.005887880041554036,-0.0009434946373295672,0.0078,0.3907152566091835,0.3820515293709604,0.3031905283215046,0.2883482938239315,701
1937-06-30,0.13430111999999989,0.0891,-0.002548106894170704,-0.007576306837797725,-0.0045,0.425675279973171,0.2984766493866121,0.31419238643354314,0.27909512031561895,703
1937-07-31,0.027893439999999874,-0.0487999999999999,-0.018998314733357627,-0.003129722063289875,-0.0186,0.2851079897743999,0.06535921903022579,0.31914439724738575,0.2866402206473215,705
1937-08-31,0.09922788999999999,-0.1362,-0.07258990211994604,-0.05459423463019844,-0.0681,0.3425817816636637,0.2471387287891704,0.32568751147152875,0.28052193204029297,706
1937-09-30,0.038451270000000086,-0.0959,-0.016204831479136594,-0.025638939669096278,-0.0146,0.2883033369708763,0.12193705341014804,0.3747241028414482,0.3192553788381114,708
1937-10-31,-0.1821894899999999,-0.0833,-0.015136751354466516,0.0002157065288170973,-0.0132,-0.04214746368785871,-0.6246557355996284,0.36554326071295695,0.3304348996491405,714
1937-11-30,-0.3188010999999999,-0.0429,0.06103791941901391,0.03908046551556048,0.0484999999999999,-0.2348082423865182,-1.0276220237552394,0.36019316249813105,0.340559655560296,720
1937-12-31,-0.4110193299999999,0.0048,-0.01586054577368391,-0.019285392884729514,-0.0174,-0.4447627717733542,-1.2869983201770645,0.3644218582025821,0.3320634185278122,727
1938-01-31,-0.48813413999999994,0.0584999999999999,-0.029889534966698925,-0.030014188635609493,-0.0283999999999999,-0.7170933894290313,-1.3205925687662357,0.37360736463851046,0.3316797474936672,731
1938-02-28,-0.49403837999999994,-0.2391,0.16307006521153594,0.1493115050497364,0.1578,-0.803877021642577,-1.1677136051479329,0.3692792951676227,0.3346495266864838,734
1938-03-31,-0.43635413,0.1448,-0.10209391217069436,-0.10110397029047541,-0.0984999999999999,-0.8017986818557044,-1.2363384337784735,0.36571179420828753,0.3250682220541927,739
1938-04-30,-0.6536519700000001,-0.0385999999999999,0.07127640476755912,0.06800009784027526,0.0698,-0.9529456336528229,-1.4295955212512326,0.38131870947196667,0.3452747795037125,741
1938-05-31,-0.52146958,0.2389,-0.2469823732578403,-0.24150388205350815,-0.2487,-0.9187826239234109,-1.4962564603603523,0.4299972909450281,0.3650049799585832,746
1938-06-30,-0.51748294,0.0733,-0.07381708432194199,-0.0691020318950836,-0.0677,-0.9781260592039501,-1.3604833556133733,0.45251610902475414,0.3688439384404445,746
1938-07-31,-0.41679060999999995,-0.0268,0.037823294393201055,0.0545758224494249,0.0349,-0.9902179342020889,-1.595881193323894,0.5310243770712202,0.38909325244015935,754
1938-08-31,-0.29768449,0.0083,0.024548096725384667,0.02650996181318682,0.0242,-0.7215828948466738,-0.9177338296085946,0.3519461414573421,0.31913878781699806,753
1938-09-30,-0.17050677000000003,0.078,-0.07399872396040195,-0.0664610754892484,-0.0753,-0.42989999882451624,-0.5431484188429223,0.3359880398056578,0.3055454012962817,751
1938-10-31,-0.05719969000000004,-0.0174,0.03805302975488089,0.054775346493108626,0.0332,-0.22590377002998496,-0.17815282343177313,0.32097040797519366,0.3074660892816161,751
1938-11-30,0.10493073999999997,0.0416,0.022770575516797262,0.040596685849435696,0.0231,0.051185450635721774,0.32044385989065155,0.3119182797943846,0.2986126217935585,752
1938-12-31,0.13195795,-0.0596999999999999,-0.030388568567223648,-0.027647253551472156,-0.0299,0.24034714393629553,0.3837544750237766,0.32317309157499086,0.31761695291737296,754
1939-01-31,0.16705042999999997,0.0351,0.03157651497988367,0.03460828368352327,0.0312,0.2801765993409012,0.4857452969317458,0.3254339156803228,0.30623718894779,749
1939-02-28,0.04870262000000017,-0.1202999999999999,-0.01810274716142868,-0.024456171283478434,-0.0186,0.03475528597597177,0.156724223327885,0.3485085531120654,0.30734790042020466,749
1939-03-31,0.3788598200000002,-0.0018,0.02792557729243007,0.03586114677946961,0.0273,0.5118417183483334,0.8524963854175595,0.27994801332330416,0.2680987220796113,752
1939-04-30,0.12025722000000028,0.0681,0.036997210434051284,0.040226289285128225,0.0352,-0.23526216475609063,0.31187426300492815,0.28728178245568997,0.2545575811598335,752
1939-05-31,0.15854394000000016,-0.0533,0.024557027291493352,0.020891854970448695,0.0224,0.009357891850899858,0.336944241486543,0.1468540955798453,0.20413381199852199,752
1939-06-30,0.040172730000000184,0.1022,-0.008995277869236817,-0.01172490668650883,-0.0069999999999999,-0.2811120055345905,0.06127658934106389,0.12973939123048234,0.20597708141718632,751
1939-07-31,-0.0838972699999998,-0.0668,0.05802091700932405,0.04316054326066818,0.059,-0.5303277813717138,-0.12223100601557446,0.13986209160915597,0.20671111752428387,749
1939-08-31,0.0353761300000002,0.1689,-0.3045756534320856,-0.3882608222523953,-0.3145,-0.3302914415624464,0.06472285008398382,0.15334968632123208,0.2094681952541268,747
1939-09-30,-0.0441222399999998,-0.0053,0.06538561336413831,0.0697401099594548,0.0658,-0.4936761059375501,-0.07187745750023725,0.17822228426784095,0.2093911215627673,747
1939-10-31,0.024325460000000174,-0.0365,-0.0031840176533622228,-0.015579362281276127,-0.0029,-0.040318903706955234,0.04103995828532444,0.18158486611857316,0.21079102339131103,745
1939-11-30,0.03671057000000017,0.0293,0.05330413460627158,0.04594825820257821,0.0542,-0.11571510775598759,0.07724113886252988,0.1873162100872518,0.21415851539641023,745
1939-12-31,-0.040991119999999825,-0.0241,0.014968539661716709,0.014505041150689586,0.0174,-0.4480579204337404,-0.07897346812511238,0.188353870089964,0.21948851074576625,745
1940-01-31,0.050720450000000056,0.0144,0.016622710140990614,0.033071963014159635,0.0167,-0.26239787849604734,0.0832753678763532,0.16295680476274058,0.20835563327192366,746
1940-02-29,-0.007824839999999951,0.0204999999999999,-0.004407014877933164,0.0031459099252047207,-0.0055,-0.4642068407176651,-0.012974666149916467,0.16162331871772556,0.21217038310194977,744
1940-03-31,0.14115191999999993,0.0022,0.03302042454445585,0.06889145807453416,0.0336,0.05035031302756121,0.28155838236459735,0.17703606736838884,0.22258393445528002,746
1940-04-30,0.16303490999999984,-0.22,0.028512849391366724,0.0054189033549784105,0.0289,0.0484170091883922,0.30696342809072846,0.1754454929641796,0.21976224847090603,746
1940-05-31,0.10177448999999983,0.0669,-0.02299243542585276,-0.025142312229741122,-0.0246,-0.05596697358208813,0.20005720091737278,0.16514954582590546,0.21934165770238853,749
1940-06-30,-0.11053395000000019,0.0317,0.011339362977284773,0.016272143015349905,0.0106,-0.07695210419021714,-0.18633761969077117,0.17487001489320783,0.2242393949541485,751
1940-07-31,-0.1398647200000002,0.0220999999999999,-0.01551737488169972,-0.00649118556708117,-0.0178,-0.2448389744320545,-0.2406813964712795,0.1748841818614668,0.22341327376861447,750
1940-08-31,-0.037903860000000185,0.0239,-0.0005512686479039533,0.00467087649397506,-0.0006,-0.07177431117843869,-0.07174314801807519,0.18285998456032515,0.2236802705391991,753
1940-09-30,-0.15664596000000025,0.0302999999999999,-0.05766484363377034,-0.034325877252635154,-0.0576,-0.7564813229630695,-0.3507124703706047,0.31132511561574666,0.25956896115179534,752
1940-10-31,-0.12798908000000025,-0.0165,0.014809143843252881,0.032450114855211966,0.0131,-0.626002973675374,-0.3274304256486455,0.3170064921321696,0.2574272098515523,752
1940-11-30,-0.06077492000000035,0.0069,0.03401300971632629,0.05028366833813386,0.0354,-0.1212700928220608,-0.20445732021463303,0.32637035944036075,0.2668266319880343,754
1940-12-31,-0.10598868000000035,-0.0418,-0.04729273104947627,-0.0803045338736221,-0.0475,-0.1396701769299017,-0.3251570561943494,0.3248882912033112,0.2634807251634043,758
1941-01-31,-0.07445548000000034,-0.0143,0.011358073278932089,0.005544139025515409,0.0107,-0.021298319009384725,-0.21401407103758435,0.3217141503339721,0.25963404735192397,755
1941-02-28,-0.13219954000000034,0.0084,0.024226602519018352,0.011479591518670248,0.0246,-0.20769571646565943,-0.4518301333633671,0.30944404013646953,0.25984591030818255,757
1941-03-31,-0.16678521000000024,-0.0546,0.02893351394696312,0.04575936350548658,0.0302999999999999,-0.21644901118340365,-0.511493650346907,0.2977906784507479,0.26140704003449855,757
1941-04-30,-0.16065177000000025,0.0137,0.03033468976246598,0.020331595395752102,0.0260999999999999,-0.2553644666857865,-0.5058896537125444,0.3091683435874002,0.2629306411386787,759
1941-05-31,0.05020560999999978,0.0583,-0.0072204651905711445,-0.0035815958573758577,-0.0068,0.04036820067455338,0.13351008886315674,0.249607139533842,0.22200551810697403,760
1941-06-30,0.001293529999999779,0.0587,-0.01900237027595912,-0.04978273319621554,-0.0151,0.044283838314873925,0.0031585031605111916,0.2611865185831539,0.21832321648469216,763
1941-07-31,0.025502699999999774,-0.0017,0.00145691895987104,0.022689858078387335,0.0018,0.08914834037211683,0.06281508737681664,0.27573034585901474,0.21557130724403498,762
1941-08-31,0.059125599999999875,-0.0088,-0.01535112450867886,-0.007582502803334567,-0.0167,0.2563894217513393,0.1570689025218384,0.2764946767223029,0.21376934706747072,765
1941-09-30,0.034094089999999876,-0.0526,0.04942584573048337,0.04810781973035683,0.0482,0.1436311127952714,0.07502680800876407,0.2686891181192493,0.20725962287365193,766
1941-10-31,-0.0041643800000000335,-0.0195,0.04389895531110494,0.048035611740186654,0.0441,-0.08210125526615786,-0.009336100514286249,0.26589712063822385,0.21372497724931144,769
1941-11-30,-0.042758890000000035,-0.0487999999999999,0.0027723856481823295,0.023564169104938276,0.004,-0.14690535753394762,-0.10178846583267637,0.2673711212101263,0.210687446150351,770
1941-12-31,-0.06949153000000004,0.0079,-0.0390954315621121,-0.05877903876847462,-0.0363,-0.17541815503099545,-0.15996541246486712,0.2709617187636023,0.2146078583687571,771
1942-01-31,-0.07711666999999993,-0.0246,-0.0073062247804410625,0.003500230520172431,-0.0072,-0.016650651538562045,-0.1545219667385827,0.2687944331183896,0.21259699793989623,773
1942-02-28,-0.05477473999999992,-0.066,-0.0038681846598583244,-0.007126871190861986,-0.0026,0.043484208287910886,-0.12743219646007864,0.26809890060633723,0.21399769622623516,775
1942-03-31,-0.08830603999999992,-0.0437,-0.006998665464412461,-0.0007648655434398244,-0.0083,0.04145507720154107,-0.2064658916235494,0.27047934016369857,0.2128035138133368,777
1942-04-30,-0.10106881999999992,0.0596,-0.049954992143809045,-0.05051678999918256,-0.0476999999999999,0.15136199911403975,-0.23754939165960698,0.271191985438153,0.21101025718926966,776
1942-05-31,-0.16018644999999992,0.0268,-0.010656912526494113,-0.01768436223653213,-0.0138,0.05830057157986923,-0.39881416879072773,0.26800778471961517,0.21205836670740208,776
1942-06-30,-0.1590575999999999,0.0351,0.00795204058486975,0.013858254971317027,0.008,-0.13475421279990574,-0.42450664461410026,0.2665536715542486,0.20741321407389895,778
1942-07-31,-0.18821789999999994,0.018,-0.000476572664466178,0.002018543761004958,-0.0008,-0.35480126152275016,-0.48895719821746797,0.2836431455830452,0.20693931166930796,778
1942-08-31,-0.15265771999999994,0.0262,-0.010960026608594325,0.0027791757603885595,-0.0092,-0.23734768939998585,-0.4081295391643618,0.28049027011595556,0.20771412727259422,779
1942-09-30,-0.12611055999999993,0.0682,-0.04121780398036354,-0.05742487636187711,-0.0441,-0.14935939024933353,-0.3521111337644026,0.2790799852132089,0.20769966477045562,779
1942-10-31,-0.04523809999999993,0.0013,-0.01016915550570721,-0.0035105344513813707,-0.0107,-0.00940437041098352,-0.12796631204492437,0.2974501703759983,0.2101546278603475,780
1942-11-30,0.03817045000000007,0.0513999999999999,0.032619978862311924,0.011560085249740257,0.0318,0.16657687201218085,0.10665049776080768,0.2925968303535858,0.20454042418766907,780
1942-12-31,0.09064492999999996,0.0713,-0.003549078836374786,0.06946173050132073,-0.003,0.05598700227482567,0.21065905779517818,0.29117817787135225,0.20053652394052932,780
1943-01-31,0.13155153999999986,0.0616,-0.015965847080486026,-0.0664220242625777,-0.0163,-0.1704381438981014,0.305866188664895,0.2802401710052859,0.20437767634414403,780
1943-02-28,0.22294915999999987,0.0603,0.04676800280496313,0.04092077144884268,0.0472,-0.015647075303091285,0.5794316017482157,0.28342493989322837,0.2079809329112733,783
1943-03-31,0.3510855199999999,0.0081,0.06154726360477432,0.08008608937954306,0.0586,0.15928789543817679,0.8036949910699198,0.27883346756240174,0.20751566013327483,784
1943-04-30,0.4533366599999999,0.0575,0.058648785206141266,0.07255469870899635,0.059,0.3356035513616523,0.8883961606953448,0.2828063905312972,0.20198393952323973,783
1943-05-31,0.4053386599999999,0.0182,-0.014607127603672707,-0.02003763568386304,-0.0132,0.48635257682210076,0.7613134397893011,0.26996909930802865,0.20170265219981798,782
1943-06-30,0.4334445099999999,-0.0478,-0.046419726364794814,-0.0592538898147283,-0.0451,0.5347842783466665,0.8587676576880623,0.27287959576161896,0.19631444779506665,783
1943-07-31,0.4174503499999999,0.013,0.00878432755947331,0.009161254204179771,0.009,0.47888983763163373,0.7951913119383835,0.2772843992741057,0.19820095536441543,783
1943-08-31,0.3497092499999999,0.024,0.017537964320443064,0.022245911040570696,0.0173,0.3438008384317539,0.7592331773438673,0.2778538458669182,0.19634165165947956,782
1943-09-30,0.3370306499999999,-0.0115,-0.005189747666186982,-0.0056040780442551275,-0.0069,0.26718838200177986,0.753746126361178,0.2854088843398191,0.19881409185513008,782
1943-10-31,0.2969191499999999,-0.0593,-0.04401189755034547,-0.0373570854350698,-0.0447,0.2605962160456443,0.6684952363075065,0.2912416138701803,0.1952182652931783,782
1943-11-30,0.2839924299999999,0.0637,0.059245599757630746,0.058005159149132526,0.0592,0.40751096155744815,0.690346496351645,0.29180900324689524,0.19452375504082509,781
1943-12-31,0.17245110999999996,0.0174,0.008721460170227808,0.007756725584406932,0.0089,0.21453581553268153,0.45381626750252163,0.28224982761215767,0.1958432442760611,781
1944-01-31,0.16587938999999996,0.0037,0.0033478102002987634,0.00583110942823065,0.0034,0.20893928427914044,0.44882557825497543,0.2884607488514488,0.19896646636051216,779
1944-02-29,0.12518444999999997,0.0246,0.02562284608408346,0.0295775447224658,0.0262,0.02191528829899625,0.3574511110484706,0.2923843787196243,0.2029222958562204,777
1944-03-31,0.07222382999999996,-0.0169,0.0056341391832796656,0.011773242183381941,0.0051,-0.11816972406137294,0.26976754843817763,0.3524156234129135,0.22303448934899334,777
1944-04-30,0.08818178999999997,0.0508,0.01907540248728147,0.02445307150636307,0.019,-0.12657577464003145,0.37890856462766875,0.38510976557332355,0.23500597932696496,777
1944-05-31,0.016818999999999966,0.0550999999999999,-0.05390217019871364,-0.08405978553169022,-0.0579,-0.43464910163362247,0.07314601562576538,0.3777893896882631,0.23199043002051217,777
1944-06-30,0.04715981999999996,-0.0149,0.0006150597639039915,0.004239198386989159,0.0014,-0.2964972537693923,0.24860072221589524,0.495932111933138,0.2505352471577176,780
1944-07-31,0.1492777799999999,0.0156,0.04620970427877215,0.046332007650790985,0.0474,0.3579144385093457,0.7735217765149666,0.5242438186004538,0.25639327865759654,783
1944-08-31,0.12133313999999987,0.0002,-0.012348093516211425,-0.010447003178133699,-0.0116999999999999,0.27593924742960796,0.733073142616907,0.5305846702132108,0.2502836030646674,783
1944-09-30,0.11326829999999989,0.0016,-0.013947229582781058,-0.008243302677584356,-0.0132,0.2890310726325527,0.592626878838816,0.5244653590187935,0.25027442507839626,786
1944-10-31,0.1250970199999999,0.0171,0.013512181274847893,0.00804868840087582,0.0136,0.32569204178902855,0.6755358238805959,0.544857201718248,0.24210326084042233,788
1944-11-30,0.18949267999999986,0.0404,0.03439006373927546,0.02657769362896481,0.0335,0.6042318747698192,1.0481499202515339,0.5590947360263979,0.23699831595657184,788
1944-12-31,0.1466719399999999,0.0200999999999999,2.9552214314623737e-05,0.009777460607890504,0.0003,0.2978490804322743,0.841002316947093,0.5741258070240103,0.23702360312480608,790
1945-01-31,0.16833967999999988,0.0623,0.029839546401653053,0.026321641694941708,0.032,0.5468389891648028,0.9918208807421969,0.5841646821694119,0.23359923105922392,794
1945-02-28,0.18434443999999978,-0.0391,-0.03080390758159035,-0.031458497533470964,-0.0306999999999999,0.47442740648720805,1.1996185527216592,0.5888871602568992,0.24200816343013185,794
1945-03-31,0.21876076999999977,0.078,0.04754841937977758,0.041225155323542984,0.0471,0.6132268404871097,1.296520401230891,0.6206221224928912,0.2258182109377847,795
1945-04-30,0.19532031999999977,0.0174,0.0006006328532052949,-0.0019102758060372954,0.0015,0.4359938135035891,1.21428068487423,0.6170642424167518,0.24075529773220447,796
1945-05-31,0.21900879999999978,0.0039,0.04205505157134241,0.04314176265240445,0.0415,0.5992951576988945,1.2919382283809786,0.6371019609549297,0.2500962436468064,796
1945-06-30,0.18405335999999983,-0.0217,-0.026835714535459305,-0.017225496947113228,-0.0268,0.32735512725234495,1.238998112747443,0.5971115662950257,0.29927789520120535,799
1945-07-31,0.20305490999999987,0.0622,-0.012320735460333264,-0.013303095604980275,-0.013,0.7906323491367723,1.531039343283674,0.6676135744088835,0.27200486564050924,801
1945-08-31,0.16553856999999986,0.0476999999999999,0.014166439808770873,0.012032261865404098,0.0139,0.6453108601790304,1.199172141304323,0.690226829127705,0.2754873617809709,804
1945-09-30,0.22365114999999985,0.0389,0.00027175198228084063,-0.0018663028853338481,0.0017,0.5331868810545689,0.6352307354422372,0.22616524681016736,0.16223719917573837,805
1945-10-31,0.2674645899999998,0.054,0.0446331454121523,0.03821867404048951,0.0431,0.5796426726184344,0.7202568227537147,0.21526718638032044,0.1709478307120939,807
1945-11-30,0.28803724999999974,0.0118999999999999,0.008245452044824034,0.010809121193140956,0.0125,0.501438726302332,0.7237904325766104,0.21190136859597047,0.15705634311704586,811
1945-12-31,0.30035068999999975,0.0624,0.03493064034831569,0.035003410935179724,0.0379,0.4302902152408631,0.7476489931199213,0.21293662963101948,0.1658976798185486,812
1946-01-31,0.2924155499999998,-0.0584,-0.013500472313648954,-0.01832677420004148,-0.0143,0.3588992145585239,0.7653431362670782,0.20905906301319602,0.17031796555182913,811
1946-02-28,0.29249681999999977,0.0588,0.02644237991260516,0.02256669535690759,0.027,0.35412188408944123,0.6497512454813973,0.20402727258343042,0.16720026373251462,814
1946-03-31,0.27132476999999977,0.0423,0.030193592887477028,0.03506319752425947,0.0304,0.40283388454280855,0.575435140395237,0.2138466319657285,0.1654812061501975,813
1946-04-30,0.25475708999999974,0.0394,-0.004912157953482266,-0.008090879084721468,-0.0058,0.26008493764918994,0.513010984366693,0.20563504461325577,0.16667033386327645,819
1946-05-31,0.2781630899999998,-0.0389,-0.02487942891069695,-0.02105389863180298,-0.0250999999999999,0.24577213019685373,0.8991637165114728,0.3658675695871181,0.2894845194321631,821
1946-06-30,0.31211489999999975,-0.0269,0.002123179206202669,0.009762012316479565,0.0022,0.1452424883990665,0.9632442956091531,0.379178494952505,0.2749886990151625,823
1946-07-31,0.2938777399999998,-0.0646,-9.424752755125831e-05,-0.0075554436327860824,-0.0005,0.09440337413202038,0.959349874077165,0.38774270849572146,0.2792291275210762,824
1946-08-31,0.20794969999999977,-0.1018,0.006456820337347735,0.021391829085562503,0.0069999999999999,-0.030634504456362177,0.6413275981898385,0.3627985636727803,0.2418682500740791,825
1946-09-30,0.09378551999999984,-0.0144,0.010639270135340466,0.004600930286621528,0.0091,-0.14300382004662326,0.29948078121234833,0.34890215961343285,0.2410101800086481,826
1946-10-31,-0.055722300000000134,-0.0002,0.004029820598581858,0.006189061538283363,0.0028,-0.37346656879159956,-0.1541357264159949,0.3388262585266251,0.24188428277072177,831
1946-11-30,-0.12139854000000012,0.0496999999999999,-0.0003919747755126157,0.00635878199132963,0.0009,-0.490119216611948,-0.3433861249065596,0.3253138406369793,0.23628484734395283,835
1946-12-31,-0.13335334000000001,0.0125,-0.0633012102635562,-0.05591114852967847,-0.0632,-0.5207261391069423,-0.35362084116625636,0.3319496079840105,0.23081417843745253,840
1947-01-31,-0.14462586000000013,-0.0109,-0.006218260356333386,0.005761563857712225,-0.0049,-0.6501086333595983,-0.37937965424893927,0.3715947059079828,0.2537179903445469,842
1947-02-28,-0.07049282000000012,-0.0168,0.04181339301792738,0.03323119661763266,0.0409999999999999,-0.5609534215287938,-0.23784321301677702,0.35244127137525627,0.24474170374100757,846
1947-03-31,-0.1368332800000001,-0.048,0.05474031502883327,0.04977439854898355,0.0541,-0.5764510202027864,-0.4283697789238575,0.326817191317108,0.21595417299831793,850
1947-04-30,-0.19440850000000012,-0.0096,0.03357173872676025,0.028113316194307163,0.0337,-0.5712364136568095,-0.5136414381778882,0.31680145393529113,0.20331863121324123,857
1947-05-31,-0.2825339200000001,0.053,-0.01758109533184011,-0.018825610622063185,-0.0184,-0.7260465802287164,-0.6436772646371722,0.30855425690024973,0.20036756894719956,859
1947-06-30,-0.2518216600000001,0.0412999999999999,-0.03287527755079153,-0.02713828343607197,-0.0338,-0.7655533771130785,-0.6446578009816256,0.3144858635295249,0.2176210509323277,869
1947-07-31,-0.17403102000000015,-0.0174,0.03488631413756473,0.03864643091313449,0.034,-0.6538646213784834,-0.4650635399047264,0.28104127439307147,0.21543423981209806,874
1947-08-31,-0.06569532000000022,-0.0054,-0.000793437751503508,0.011555768515944961,0.001,-0.4565445962355885,-0.1841679696592038,0.2598671952091737,0.20054695490551314,876
1947-09-30,0.028739839999999763,0.0247,0.012902537308919493,0.002472353072449515,0.0156,-0.27752714617767316,0.0673240228771477,0.22607766529668555,0.18295039185134537,878
1947-10-31,0.037916959999999764,-0.0199,0.04184619442756677,0.04417986653010549,0.0426,-0.2591081601966413,0.07879622654472569,0.20804704897531517,0.17931128268134344,882
1947-11-30,0.06219202999999976,0.0301,0.03547894610604025,0.04589999531274983,0.0362,-0.16206195071430252,0.13388191432116742,0.20405082708094535,0.1750900137998303,886
1947-12-31,-0.005307040000000152,-0.0393,-0.04248615167004605,-0.040184554931622596,-0.0419,-0.23566745253169918,-0.010309683844594922,0.1641577633757617,0.164014656018161,889
1948-01-31,0.011522869999999841,-0.0438,0.014498350373424847,0.013493055446398769,0.0141,-0.25038900133032904,0.021277627711449698,0.18937864322524944,0.1676578728157423,892
1948-02-29,-0.01827857000000016,0.0810999999999999,-0.00019313018089867073,0.0010765769151138416,-0.0034,-0.20142318605325604,-0.03865181311879693,0.191870654456687,0.16783290534712972,896
1948-03-31,-0.04688915000000017,0.0365,0.04180301765178049,0.03586078381065839,0.0409999999999999,-0.2723634284966787,-0.12795497108729975,0.2179132985996702,0.19052428934996074,896
1948-04-30,0.07785024999999973,0.0732,0.023756686912355537,0.008918782898136343,0.0233,0.0723565189066121,0.21034701662749117,0.23633284236202867,0.1961178788817644,898
1948-05-31,0.12267807999999972,-0.0011,0.0401620325297401,0.0490776010127431,0.0398,0.21622323949360978,0.34420059801766,0.27213263204946986,0.22332958865180172,901
1948-06-30,0.14028617999999973,-0.0508,-0.01639018187678974,-0.008033349049707601,-0.0161,0.3435171765701589,0.40251764334631657,0.2623676682319398,0.22331120308103472,906
1948-07-31,0.09960403999999982,0.0024,0.0029150284974183375,0.0032914618741190175,0.002,0.29101792648344527,0.2595860958264132,0.25885714762197853,0.22293944664012877,910
1948-08-31,0.06396157999999984,-0.0299,-0.013204457159320476,-0.000220079645131252,-0.0136,0.16532375085009932,0.18423553831090886,0.26088564524307833,0.2216571956514731,910
1948-09-30,0.07177957999999984,0.0596,0.027918421397729237,0.015411396715516654,0.0273,0.15550596356366664,0.20409781348474737,0.25821081129072143,0.21987696414857047,913
1948-10-31,0.01692243999999983,-0.0934,0.0036806781847993075,0.009265956024752775,0.0058,0.05002203067780775,0.04291403987935843,0.24952835297102727,0.20563997366625403,917
1948-11-30,0.09323050999999984,0.0326,0.04648696459250774,0.04331337597089141,0.0466,0.18820145868240268,0.2738487265672008,0.24814065153119946,0.19960436014442356,920
1948-12-31,-0.038025600000000145,0.0023,-0.029264062735800244,-0.02772076557524576,-0.0292,-0.12010958969456254,-0.11925243705400304,0.2753325714168907,0.20359103960309707,926
1949-01-31,0.03431557999999986,-0.0293,-0.0039428473573381445,0.001220094621223848,-0.0043,-0.13993736537795876,0.08745024415327211,0.18885712263965476,0.1755334907983819,927
1949-02-28,0.08229576999999985,0.0405,-0.0076705815809196415,-0.008768432228765444,-0.0081,-0.03330916257870142,0.18274514665672795,0.16263697227271093,0.15279077620344828,931
1949-03-31,-0.022286150000000046,-0.0187,0.0322124951816173,0.0365542608476145,0.0313,-0.3018983644244807,-0.044961087065096716,0.1549731544654285,0.14890749074065543,935
1949-04-30,-0.018605450000000044,-0.0298,0.030359228227114093,0.029745944495136664,0.0306,-0.240831394912411,-0.039490925019804,0.15562852900633617,0.14736108297165262,936
1949-05-31,-0.10542151000000004,0.001,-0.012780365662128736,-0.0030646320336876606,-0.0129,-0.44306274977002924,-0.17131113685192456,0.15363840135970086,0.13593340799945858,939
1949-06-30,-0.13497953000000007,0.0554,-0.01484765328679423,-0.014743565869806158,-0.0147,-0.47421773752138774,-0.2241998233231026,0.15274946512898774,0.13517228963616612,942
1949-07-31,-0.08064153000000006,0.0259,0.014952046180995826,0.006475164079065392,0.0158,-0.41507541115580515,-0.11978537469250304,0.13766571294992286,0.1261713964710977,942
1949-08-31,-0.030752630000000065,0.0308999999999999,-0.014455746780928286,-0.01263794730300187,-0.0132,-0.39310906222706976,-0.04939011412655106,0.14204334645304395,0.12351433847252496,944
1949-09-30,0.02523529999999994,0.0314,-0.0008129296739921507,-0.004624927791070335,0.0002,-0.31975510642131755,0.04161140850004118,0.14385819030101,0.12520446255221748,944
1949-10-31,-0.0008713200000001614,0.0181,0.011909931606738351,0.016856224491388013,0.0121999999999999,-0.3088697100054758,-0.0012919849756177744,0.13806250858257407,0.12293077118944676,944
1949-11-30,0.13160065999999981,0.0513999999999999,-0.007828676744773763,-0.01355332410139548,-0.0081999999999999,-0.14091994060867552,0.2341579800168358,0.13851006761689183,0.12063972508619908,944
1949-12-31,0.11783436999999983,0.017,-0.02256987441844611,-0.02448839194295574,-0.0227,-0.16740486812888222,0.17828494585485866,0.13274519308097615,0.11572991755616141,946
1950-01-31,0.16425373999999973,0.0148,0.012908378052950528,0.01802929649935505,0.0138,-0.01864584570263439,0.26633731550319273,0.13371045587454583,0.11659522631092892,947
1950-02-28,0.21108155999999975,0.0126,0.014094691096834552,0.01747813985858735,0.0146,0.1107663617238408,0.36502956881225956,0.13413584591284478,0.11936510258727615,951
1950-03-31,0.18682994999999974,0.0394,0.0034145830323935172,-0.015399198965217013,0.0027,0.06464270396932326,0.324643841190986,0.13297294701211007,0.11741051446806422,955
1950-04-30,0.21829144999999972,0.0432,0.002144549692747119,0.0024684494731771617,0.0029,0.11344000175498492,0.36577969921207076,0.13519690179088037,0.12331991073773954,956
1950-05-31,0.28676186999999975,-0.0596,-0.01588173609553281,-0.024187952870953183,-0.0158,0.336905523849789,0.4440990810643535,0.14181502809730628,0.12405058308179587,958
1950-06-30,0.32705442999999973,0.0137,-0.005528598392992027,0.004717414940947136,-0.0052,0.3626719332437527,0.4598488175355469,0.12443394174539009,0.1221758271237103,960
1950-07-31,0.21168088999999976,0.0486,0.03342634663251568,0.024744000652227677,0.032,0.24783584396464275,0.33809822311232507,0.11950692765518317,0.12074889880842962,961
1950-08-31,0.19997361999999974,0.0482,-0.0013184695829921572,-0.00743107071881606,-0.002,0.3790644148720245,0.2729289318096825,0.11770094155525261,0.11945287368810029,962
1950-09-30,0.21624567999999983,-0.0019,0.01579939813087043,0.014911547992791109,0.0151,0.3191497613377397,0.3082420909969314,0.1209579751120278,0.12078269268866014,966
1950-10-31,0.23168845999999982,0.0274,0.03749951397807663,0.04644626435435716,0.0352,0.36366016700497655,0.33401525065645177,0.11693572225800297,0.1216454122500929,967
1950-11-30,0.21202921999999985,0.0557,0.048407398153446725,0.049330321526348864,0.0495,0.32332140789966135,0.286661731313149,0.11537399784800267,0.12296317830181616,967
1950-12-31,0.18993653999999993,0.057,0.021353379653339957,0.006827561855776154,0.0232,0.26444640575297784,0.23116414038111532,0.11844019949014668,0.11912034315784872,969
1951-01-31,0.22577707999999996,0.0139999999999999,-0.019725913418502793,-0.01632164181488372,-0.0195,0.33192850468462287,0.25676109436394207,0.11906776809909184,0.12013571765055217,968
1951-02-28,0.26488633999999994,-0.0216,-0.02947447653104308,-0.03375672919706918,-0.0293,0.35480828977948425,0.2716291357636731,0.11509979485543043,0.11718209342582084,971
1951-03-31,0.26624769999999987,0.0486,0.05918501059696058,0.05093050049299552,0.0598,0.3422927708893719,0.2760088150888126,0.11187454782458532,0.11427101497991089,971
1951-04-30,0.20639271999999984,-0.0236,-0.009493673556447646,-0.0049266103555543755,-0.0096,0.23747014888051637,0.2669617822646773,0.12012363801644582,0.11488534684609192,974
1951-05-31,0.21127701999999982,-0.0263,-0.02288927665483945,-0.033756268209166655,-0.0245,0.2654733534151021,0.24304231290972056,0.11628122268013023,0.11320785581290219,977
1951-06-30,0.25024093999999986,0.0695,0.0696935116295829,0.06687657722319579,0.0718,0.30262449668503316,0.313318069439119,0.1211160181909628,0.10592713964933559,983
1951-07-31,0.20978219999999984,0.0429,0.007547304740465222,0.005180605125838206,0.0064,0.13611953150574319,0.3379951237159041,0.12015582192675382,0.10935791888066745,986
1951-08-31,0.22817215999999985,0.0069999999999999,0.006201397212197346,0.013694231061069507,0.006,0.22971769133865932,0.37670775101045506,0.1179767590293839,0.11014587166398127,989
1951-09-30,0.22334741999999985,-0.0253,-0.0031496074556978046,-0.006655759181334622,-0.0021,0.20139115012619146,0.3502216427333477,0.11859754102129624,0.1102461277634066,988
1951-10-31,0.23219134999999977,0.0058,0.003818111425136229,0.007412658830860891,0.0051,0.2648316770776408,0.35466787864263616,0.12213674209675723,0.11402948679960102,988
1951-11-30,0.17967263999999977,0.0333,0.016936891484311274,0.012473088545970493,0.0175,0.20741098458277718,0.32685643227706135,0.12321511530040422,0.11193026330584885,989
1951-12-31,0.13289637999999976,0.0144999999999999,0.012610525027058488,0.014149224659749174,0.0137,0.0466619191287162,0.2476486788510041,0.1327041633869046,0.1115945150132642,991
1952-01-31,0.11137062999999975,-0.0264,-0.0065264410885588,-2.7012200608675374e-05,-0.0068,-0.04270511092226792,0.19151188898178986,0.12034879079200508,0.11177723821448078,993
1952-02-29,0.11184862999999975,0.0444,0.015424013975476963,0.012325437688638786,0.0165,-0.029639358887546208,0.21209027311196682,0.12607807269537402,0.11008379232061632,995
1952-03-31,0.10682614999999976,-0.0496999999999999,-0.020144486630428324,-0.01322926864160845,-0.0200999999999999,0.009244578129029679,0.21928315565408768,0.13672171196517444,0.12382018165825717,996
1952-04-30,0.10303108999999977,0.032,0.004799200039861718,0.00483725592726119,0.0056,-0.04472630846132286,0.2221198016942736,0.1399204623130025,0.12988877171585184,998
1952-05-31,0.0750492799999999,0.0384,0.014730929755598303,0.007279525163400559,0.0149,-0.0053085748594154936,0.17596087921526743,0.15023193226082038,0.1283629976679018,1000
1952-06-30,0.13294380999999988,0.0091,-0.005094774222889708,0.0032555446501038327,-0.0055,0.19015382700022598,0.3161102525215459,0.15363895436052233,0.13582702967965266,1000
1952-07-31,0.10523224999999987,-0.0077,0.0037131551695622446,0.003768243574759445,0.0034,0.08560475905290377,0.22021133121010772,0.15269758462644478,0.1311720398922685,1000
1952-08-31,0.07323196999999987,-0.0204,0.017380523653803874,0.018624951496595227,0.0173,0.010264023244214937,0.1639238697085359,0.15631037694464128,0.1285384530095764,1001
1952-09-30,0.05854162999999997,-0.0066,0.027189635411601593,0.023929115401345336,0.0273,-0.0957937205934718,0.11867527760189252,0.17280444189072997,0.13240521591969454,1001
1952-10-31,0.06365771999999997,0.0596,0.004195549429115306,0.005739952464414312,0.004,-0.09440296139465387,0.12310828054393708,0.17165890464055164,0.13319610395182416,1006
1952-11-30,0.05126341999999997,0.0293,0.015457208368689555,0.016519164242630092,0.0149,-0.08659180876807471,0.10525188243257358,0.17426030413878962,0.133574864942402,1006
1952-12-31,0.07510050999999997,-0.0034,0.00675612920916014,0.004476381812333424,0.0074,-0.03199118504480014,0.16369530579421554,0.17741123144260235,0.13211461074551528,1008
1953-01-31,0.08922714000000007,-0.0027,0.008099384293397193,0.011450805304845362,0.008,0.0008322159011707742,0.1797426682960026,0.1811392008367147,0.13248216856750675,1010
1953-02-28,0.11288630000000005,-0.0144,0.0010978607379444234,-0.0039016347884587195,0.0014,-0.011374876685246837,0.2548720778821765,0.16925188126750002,0.13985751520596112,1010
1953-03-31,0.06780299000000006,-0.0283,0.01848812921955808,0.014152812052965313,0.0184,-0.0991404424555894,0.1419059572547875,0.17118241014441832,0.13246661458843198,1009
1953-04-30,0.10533199999999993,0.0051,0.008482774692047002,0.014721579135713096,0.009,-0.019093403392232866,0.24692247706565218,0.15805945202388316,0.13605735953532166,1008
1953-05-31,0.04534198999999993,-0.0189,5.86846500160651e-05,0.002947187079890168,0.0,-0.06994966782614276,0.10270968213818221,0.15368314273257683,0.1349575799332372,1008
1953-06-30,0.013539469999999937,0.024,-0.0036002915455798853,0.0018033173369156608,-0.0037,-0.1051713416438963,0.03065885990176722,0.1527346286254085,0.14495418531443563,1006
1953-07-31,-0.014687260000000061,-0.0455999999999999,0.021231404946383557,0.017773128618659505,0.0214,-0.10879178628782626,-0.03433309955307446,0.15362432612871324,0.13977351645239983,1006
1953-08-31,0.016448479999999942,0.0021,0.028868319169847438,0.02682649935515163,0.0289999999999999,-0.06393072047163184,0.041102023926597134,0.15205244064994622,0.14098871402255247,1011
1953-09-30,-0.010369839999999943,0.046,0.0024082748280644245,0.0074126692173628675,0.0023,-0.2709944490564306,-0.024597480562970415,0.1496535295390135,0.14451975106427056,1012
1953-10-31,-0.0016432899999999475,0.0283999999999999,0.019116054748498174,0.017123375150874413,0.0196,-0.2718179390276896,-0.0038026309278274095,0.15049009712335978,0.14481009520533147,1009
1953-11-30,-0.013807329999999951,0.0002,0.051871710267417236,0.05832369634676466,0.0521,-0.26790750415809467,-0.03285381201375876,0.1470734961244315,0.14015516041832374,1010
1953-12-31,-0.014631240000000042,0.0513,-0.057676374354646245,-0.06377783813158701,-0.0584,-0.2381252623538177,-0.03396611050610858,0.145869060682573,0.1387968737916182,1010
1954-01-31,-0.011025420000000041,0.0167,0.010196539269564871,0.012466289724319637,0.0104,-0.28186344994431706,-0.02190838515761237,0.15404355363728722,0.14159500290249005,1010
1954-02-28,0.04028996999999995,0.0366,0.02183891206393253,0.02148020652740464,0.0213,-0.18565749170918133,0.10149616685546203,0.15036801714040482,0.14423445184571013,1013
1954-03-31,0.07128082999999995,0.0426999999999999,0.05012079403154432,0.04319993862075516,0.0508,-0.1764074537805847,0.17181076336137213,0.14823516837375741,0.13518897613406616,1015
1954-04-30,0.13556759999999995,0.031,-0.0210671408247712,-0.024875779839939965,-0.0203,-0.12105776514460154,0.29654727222177496,0.14311409652498575,0.13033622194339375,1019
1954-05-31,0.17134055999999986,0.0108,0.035526037885162814,0.02910596145584749,0.0355,-0.04529193612487714,0.32029982484795755,0.14487202127157822,0.12913776878987682,1018
1954-06-30,0.22058724999999985,0.05,0.004413768947870066,0.006900354079404147,0.0043,0.0053440226423754345,0.390651320567193,0.14443957981276018,0.13390429904356796,1017
1954-07-31,0.20787612999999985,-0.0235,-0.006998936784814062,-0.003445611935396456,-0.0067,-0.02602119449296514,0.35617187988557963,0.14790266657504825,0.13401118991996136,1018
1954-08-31,0.3029529699999997,0.064,0.01681583954588503,0.01250003040158612,0.0166,0.18364623271122316,0.5253970332386119,0.15242021967696534,0.14711775614537018,1018
1954-09-30,0.2768202399999998,-0.0167,0.00923285004104812,0.014768650144521837,0.0092,0.21527339133703044,0.5608443604053612,0.15283287219849445,0.14439978756354305,1017
1954-10-31,0.29284243999999976,0.0941,0.018647105225821817,0.0149952944120441,0.0187,0.1940345551210581,0.5964780920615531,0.15958727592816183,0.14375054463367593,1020
1954-11-30,0.2483045199999998,0.0549,-0.014132837612616148,-0.015160254699320627,-0.0139999999999999,0.18909226778751065,0.4934724922749123,0.15764791452313326,0.1374717589403432,1017
1954-12-31,0.3332935499999998,0.006,0.014770033989646285,0.013970012738992846,0.0147,0.39075430250669657,0.6082557240665054,0.1568736938257114,0.14950099765716973,1016
1955-01-31,0.33652373999999985,0.0302,0.010375954226443523,0.019522973487034835,0.0104,0.4199105249812092,0.6534726718248978,0.16703487889882945,0.14666940671533976,1016
1955-02-28,0.32607351999999984,-0.0015,0.008386428024881435,0.009194749535162378,0.0098999999999999,0.44184545950147375,0.5658903907735253,0.1613607847326765,0.14611071458862449,1015
1955-03-31,0.32010313999999984,0.0311,-0.0005066293017960792,-0.0019820049909620094,0.0001,0.4491434736280705,0.5446109113461048,0.16095658244581937,0.1465175000905146,1014
1955-04-30,0.27776410999999995,0.0093999999999999,0.00607823821210542,0.0013249007328927807,0.0060999999999999,0.4345557754729698,0.45549046290467043,0.14551766121415274,0.13716562471968716,1013
1955-05-31,0.27784229999999993,0.0655,0.04670562054379178,0.016495289988101347,0.0472,0.36955138399668436,0.42853922956673596,0.13473048219521283,0.12882687146486188,1013
1955-06-30,0.2764638999999998,0.0189,-0.011718113151820881,-0.010803679681221836,-0.0121,0.41264145894405635,0.44203399667467425,0.13163873155999722,0.12906463284519898,1012
1955-07-31,0.29013314999999984,0.0022,0.017697637552425406,0.018498108365345264,0.0175,0.3820706246705816,0.46792457776443963,0.1376601973342326,0.12804537309780456,1010
1955-08-31,0.33269753999999985,-0.0037,0.01842410637204283,0.007637865340431564,0.018,0.3485521021402598,0.5468795607644329,0.13670605476055817,0.12908661351002348,1010
1955-09-30,0.2750427799999998,-0.0266999999999999,-0.005105526384050079,-0.0014386596178838779,-0.0051,0.3365987629016557,0.42433373873158875,0.12392373663025719,0.12603123199913735,1009
1955-10-31,0.28830220999999984,0.0704,0.026306894997698817,0.027505767979439558,0.0256999999999999,0.3042780013512502,0.4338369646984679,0.12301743251031556,0.11629964081335278,1005
1955-11-30,0.17574864999999992,0.0149,-0.01301152510823414,-0.00046083041215082277,-0.0121,0.17351374800776248,0.2937396303508833,0.11723936943094401,0.11809076290940629,1009
1955-12-31,0.18923073999999995,-0.0302999999999999,-0.01465066532347108,-0.011967546340377028,-0.015,0.15645909153507442,0.29609468139168826,0.12662780210015576,0.12136478396129317,1012
1956-01-31,0.19792270999999995,0.0378,0.019647241125688795,0.020380497645755672,0.0200999999999999,0.20112913358906465,0.3779909522388336,0.12691166461747483,0.12234183755420402,1010
1956-02-29,0.13751050000000004,0.0664,0.035662592576201954,0.0341280896074887,0.0352,0.1273759210287716,0.2505711563840076,0.12960812060806765,0.12060016952806611,1010
1956-03-31,0.17531059000000004,0.0028,0.026604128490362144,0.026980345100140524,0.0266999999999999,0.17161434867434744,0.3280529135676358,0.12786077815359165,0.11735382129304012,1011
1956-04-30,0.20710034000000005,-0.0521999999999999,-0.015318023867465579,-0.01236812774770367,-0.0161,0.2371091980058599,0.33179642505999496,0.11542994904706319,0.11473766792112802,1012
1956-05-31,0.20058870000000015,0.0347,0.026869055514234477,0.02643808754108446,0.0266999999999999,0.22657682833508097,0.28997106659379224,0.12378130669773059,0.10924957483347429,1015
1956-06-30,0.08463967000000028,0.0484,0.024247316035417837,0.023137848136754825,0.0254,0.06563290557798945,0.13938368650588806,0.12433548555561193,0.12287307566076287,1016
1956-07-31,0.09954229000000026,-0.0319,-0.007349656954852759,-0.006320100094704517,-0.0070999999999999,0.18074731231960073,0.16362566274117013,0.13036919818143627,0.12699324250340435,1015
1956-08-31,0.14330161000000027,-0.0513999999999999,-0.007711976660395081,-0.006875045243516349,-0.0077,0.2236854177075973,0.22938883798718657,0.1391490220896604,0.13061833814639467,1015
1956-09-30,0.11414600000000028,0.0052,0.024663890827714394,0.02589860142526426,0.0249,0.1889818763323053,0.2180042512682798,0.14309937915501697,0.1333594951801877,1011
1956-10-31,0.08756139000000028,0.0034999999999999,0.033847383415517664,0.03180351753521596,0.0342,0.20916477012607443,0.16263531236602052,0.1481330022237676,0.1291467787922787,1012
1956-11-30,0.027397190000000272,0.0316,0.036828648216306034,0.04335389227005643,0.0379,0.05669738283171227,0.04971722857014088,0.14289629282174438,0.13087438947908783,1012
1956-12-31,0.016226770000000175,-0.0356999999999999,-0.03125890832775232,-0.036158567463988066,-0.0306999999999999,0.030641393883533374,0.0242868457807831,0.12315475421013265,0.12180138403906804,1012
1957-01-31,0.07790380000000008,-0.0207,0.003612346282321835,0.002278277933998287,0.0036,0.11731438425365803,0.1182840723375867,0.12748220571886915,0.12053655895292414,1012
1957-02-28,0.004726360000000186,0.0213,-0.003026306653259578,0.002669173707452111,-0.0024,-0.03346520818020521,0.007790970348370266,0.13193499365403463,0.11777835539884683,1012
1957-03-31,-0.07824388999999982,0.0426,0.012967676950889476,0.015022547241947706,0.01,-0.16964613815461727,-0.12977605850719975,0.12839863393939582,0.12158161342365151,1013
1957-04-30,-0.06023340999999982,0.0346,0.0033453437652330616,-0.0009445955196165264,0.0056,-0.19582509334724413,-0.10421787773940173,0.1295049782412041,0.11360520421728343,1013
1957-05-31,0.03525011000000007,-0.0075,0.007261754514087672,0.005260760781415131,0.0072,-0.12353812048449181,0.052846565470881963,0.12487929355479499,0.11487999077249841,1014
1957-06-30,0.03513648000000006,0.0066,-0.0006716315938679789,-0.0033690699802556515,-0.0007,-0.11038047283608887,0.05641818041301091,0.11663111125974937,0.11597548177550136,1013
1957-07-31,-0.01835272999999994,-0.0512,0.004193078139224912,0.008619751005136879,0.0044,-0.1497312422524098,-0.02836506942727174,0.11179360579868454,0.10862641534359391,1013
1957-08-31,0.02104729000000006,-0.0599,0.006586267101468493,0.014313210357247273,0.006,-0.12191994185914407,0.032060625021607544,0.10970227510690042,0.10665726032984246,1015
1957-09-30,0.02130328999999994,-0.0432,0.020663405994840914,0.02269329451243436,0.0203,-0.1998665961950536,0.029499367824017228,0.0986459047141988,0.10414703775398387,1013
1957-10-31,-0.04718894000000007,0.0231,0.01277117152665894,0.02554023935863521,0.0127,-0.32965821438074216,-0.05949800641833793,0.10069904258871332,0.1041997290231709,1012
1957-11-30,-0.09561064999999996,-0.039,0.07828893382639056,0.07982984809214232,0.0781,-0.4144919786091359,-0.1121121797969597,0.09934618453105878,0.10307555917602876,1012
1957-12-31,-0.10363453999999998,0.0465,-0.07505069496053648,-0.0876500776193935,-0.0757,-0.43474879206151956,-0.1192882163658397,0.10070418179927602,0.10400779879994615,1015
1958-01-31,-0.10718384000000009,-0.0153,0.038200944550441596,0.047620221962669684,0.0372,-0.4355212623073151,-0.10867475926479978,0.1067630922790812,0.10957162735677867,1012
1958-02-28,-0.041897480000000084,0.0327,-0.020075397737125883,-0.006749489470833384,-0.0179,-0.3985472240058556,-0.057849212382791976,0.10674745287989641,0.10871576840161801,1013
1958-03-31,-0.0782105300000001,0.0308999999999999,0.018944978492112605,0.011525857700228282,0.019,-0.4534719587545032,-0.09348302766540359,0.1039863647349613,0.11329619924028697,1014
1958-04-30,-0.08728799000000009,0.0232,-0.016951056752258102,-0.010552137523340513,-0.0174,-0.45231583189405716,-0.10075684033949361,0.09877130979888682,0.11134387776019361,1018
1958-05-31,-0.09068040000000017,0.0293,-0.007428287537695765,-0.01623052754537685,-0.0089,-0.46685441086520724,-0.09794727590260335,0.10020848664260065,0.11324472365083707,1019
1958-06-30,-0.06050591000000018,0.0438999999999999,-0.0355452096649945,-0.052699223271696585,-0.0358,-0.45498639276386593,-0.06170422586347975,0.10136967990518497,0.10966176246635181,1025
1958-07-31,-0.038609830000000185,0.019,0.0013195858885556126,0.005462481812517614,0.0014,-0.44137939927470876,-0.041435090572302435,0.10288710336234512,0.10790412328038354,1024
1958-08-31,0.05702566999999972,0.0466,-0.011649834529979843,-0.014535532452987526,-0.0112,-0.33300538639084526,0.07769818799717741,0.10398761791894068,0.11372257502363596,1022
1958-09-30,0.13898933999999974,0.0253,0.0312945993311909,0.03813999803429685,0.0313,-0.22258281250955286,0.25046366389880026,0.10742870034812324,0.12149351170925547,1024
1958-10-31,0.22827019999999973,0.0301,0.014717681872396735,0.017914212224396264,0.0153,0.022555545440141878,0.463981135568553,0.11297015973659391,0.12610518616701774,1026
1958-11-30,0.23038285999999972,0.0516,-0.006556312444140788,-0.007980997671403436,-0.0070999999999999,0.07677214729217574,0.3738812154195269,0.1131869453249182,0.12968083129380908,1025
1958-12-31,0.29997113999999975,0.0070999999999999,-0.002019974444081158,-0.0052240952376819486,-0.0029,0.27819657253181923,0.4883124628207875,0.12025857406952677,0.14419427194646625,1026
1959-01-31,0.30458750999999973,0.0095,0.03415909000911292,0.028662389956662697,0.0344,0.15918296149974098,0.5535947748142179,0.13414484472330848,0.1380784445432034,1024
1959-02-28,0.32713791999999964,0.0028,0.002085005792502764,0.013226433948457454,0.0022,0.28775008538495067,0.6062633386706427,0.1414959344581486,0.1391357395692925,1026
1959-03-31,0.30492833999999963,0.0366,0.03184857767694883,0.03991174493951817,0.0317,0.27070847900011247,0.539433358240015,0.14529945962738627,0.13774431544583254,1026
1959-04-30,0.2777938699999997,0.0173,0.015111387309052786,0.004559799104140166,0.015,0.2887458271842037,0.4810166629960114,0.14800530189319666,0.1354293670880008,1021
1959-05-31,0.2903448699999997,-0.0024,0.03125045914018719,0.03491602562689704,0.0314,0.2626690574509039,0.4644954507809014,0.1469382387463269,0.13685150644434976,1021
1959-06-30,0.2788747999999997,0.0318,-0.0032848578001105494,0.00860701376529337,-0.0034999999999999,0.22308160848482667,0.4209242874935155,0.1507269521102449,0.13797062220246703,1021
1959-07-31,0.2345327399999998,-0.0138,-0.009542633957452681,-0.012893903655617768,-0.01,0.12393977088048541,0.35682378938859427,0.15192715443472432,0.1456908153233002,1022
1959-08-31,0.24661059999999982,-0.0481,0.007975223376707773,0.0031612355197372655,0.0078,0.10948646265598555,0.38635730919742883,0.14923402857881984,0.13826949172498368,1023
1959-09-30,0.18830647999999983,0.0128,0.03506652332766863,0.044547018804635616,0.0343,-0.02309705313061311,0.30924751574415144,0.15163420685196738,0.1361538956115238,1022
1959-10-31,0.11342760999999983,0.016,0.023873464516855694,0.019098559727379547,0.023,-0.041474838158748806,0.18244836046591392,0.1430427668431855,0.1430053395870342,1024
1959-11-30,0.09686448999999982,0.0246,0.007609014239875131,0.012638658632638746,0.0103,-0.022493094329098073,0.1520276934056567,0.14592347606198908,0.1379023926331873,1023
1959-12-31,0.06374296999999982,-0.0698,-0.03622324102007124,-0.036192486572212273,-0.0351,-0.011391750410030432,0.09701514443411424,0.13332649526169799,0.12839318042804085,1024
1960-01-31,0.08061948999999992,0.0116,0.03922973719702725,0.031066765200035845,0.04,-0.0057033462842251414,0.11634729355076473,0.1259604800407977,0.12752358922905982,1024
1960-02-29,-0.0032139100000000698,-0.0163,0.014683762439199282,0.01277062449744061,0.0141,-0.09267237688580837,-0.00505911975129514,0.12502867506739107,0.1266198944125641,1026
1960-03-31,0.005431889999999922,-0.0171,0.02768123375954575,0.025973483037078915,0.0283999999999999,-0.12874741874544365,0.008509559865801578,0.12674272510482015,0.12758998551620201,1032
1960-04-30,-0.04626399000000008,0.0312,0.04873171324734536,0.0396953501270646,0.0479,-0.21886836026513945,-0.0758840826977618,0.12840419258921454,0.1301356431523043,1033
1960-05-31,-0.08058656000000008,0.0208,0.008699086087189691,0.021461087502517122,0.0089,-0.35133333825038887,-0.12237937123642631,0.12737996792533912,0.12978139737291758,1032
1960-06-30,-0.048044240000000085,-0.0237,-0.008725550140152156,-0.007173562811222115,-0.0070999999999999,-0.3690203699649323,-0.06612845110455746,0.12451435926282432,0.1273615859141989,1037
1960-07-31,-0.05843606000000009,0.03,0.015155492901428855,0.006400480676943751,0.0151,-0.3863882165640957,-0.07624542187709245,0.12037382911115915,0.13525350005849723,1036
1960-08-31,-0.06870272000000008,-0.06,0.0024583739646905148,0.013635333146236259,0.0034999999999999,-0.4234303455279553,-0.09761929221478556,0.1257194613157947,0.13537214360708766,1035
1960-09-30,0.010610779999999907,-0.0070999999999999,0.011915282516262359,0.01380060170351666,0.0126,-0.3712034850199207,0.014266911524295057,0.12824948727392502,0.13227160694845205,1038
1960-10-31,-0.0654909800000001,0.0469,0.03355667413838977,0.02849852290897284,0.0363,-0.4823926994569598,-0.08849489639310718,0.12996120864171692,0.13929497672451846,1041
1960-11-30,-0.08832817,0.0473,0.014483961443827562,0.0017818808204521919,0.0136,-0.4888805585644747,-0.11262043878632744,0.12995776445289647,0.13836926232200947,1040
1960-12-31,-0.06759994999999999,0.062,-0.03915432738060961,-0.052801634810459006,-0.04,-0.46324179124207226,-0.07742220911946118,0.11726616762019945,0.13385727671843203,1041
1961-01-31,0.05182878,0.0356999999999999,0.011207909375975614,0.013026298225074007,0.01,-0.37084938824137503,0.06258470519687752,0.10045374917232225,0.12721305841796862,1041
1961-02-28,0.09843518,0.0289,0.04314751605756208,0.030497288027222166,0.0432,-0.34413869324694984,0.12093469967509077,0.09558128589788017,0.1258062306829603,1045
1961-03-31,0.1493193499999999,0.0029,0.03597442814740292,0.04142621301385217,0.0366999999999999,-0.3069907822703993,0.19339340694265458,0.09973798188561764,0.1272398589737651,1044
1961-04-30,0.19468625999999992,0.024,-0.01640549421855943,-0.01767948030204717,-0.0157,-0.2161070435807536,0.2628658931273517,0.10493928645530363,0.13105912578317633,1046
1961-05-31,0.1674305999999999,-0.0308,0.002678044394070149,0.004929142726734961,0.003,-0.2503490812240593,0.20408558364443158,0.09885548157401547,0.13408725186082526,1053
1961-06-30,0.17049395999999992,0.0283,0.0028131437707222783,0.0008542040236826,0.0022,-0.186425981544124,0.22466191270465985,0.10246263785539646,0.12848989936876842,1062
1961-07-31,0.1630377999999999,0.0256999999999999,0.016124538732721284,0.01430319722559056,0.0163999999999999,-0.21037121111727597,0.2286187952700101,0.10163379646369565,0.13671793572372834,1066
1961-08-31,0.1614369699999999,-0.0215,0.008206972907908144,0.014761411600961331,0.0079,-0.19414152236772397,0.23604756208855293,0.1035228758660687,0.12838110322408597,1069
1961-09-30,0.24994449999999982,0.0258,0.03170879068166671,0.030585633451096023,0.0306999999999999,-0.11495017356481474,0.34350485567481304,0.10971295817707441,0.12123484209907007,1066
1961-10-31,0.23515358999999975,0.0445,0.013467503992743574,0.022424744522605733,0.0135,-0.17600013110614005,0.3403481514351234,0.11590670509233411,0.12034272605699264,1066
1961-11-30,0.21559950999999972,-0.0017,-0.021398029393872406,-0.019841077530228297,-0.0218,-0.23053079241336139,0.2805347245204254,0.1075969540778404,0.11523307714812084,1066
1961-12-31,0.2130654799999997,-0.0387,-0.022825236947286512,-0.02350262665917083,-0.0204,-0.24793117351132354,0.2327588348366919,0.10138849823151183,0.109888817865557,1070
1962-01-31,0.15332761999999972,0.0181,-0.010051085703570774,-0.00011512523776051331,-0.01,-0.25735855958797754,0.17939325588984814,0.10174177287540372,0.10501836439770032,1066
1962-02-28,0.07884727999999981,-0.0068,0.01876391700534237,0.020056761544282143,0.0189,-0.2525941164869231,0.09885554146895874,0.10114429887422333,0.10268014597234003,1067
1962-03-31,0.06857647999999981,-0.0659,0.029367414940724146,0.01980129190962654,0.0289,-0.25570682464013694,0.08297871840277149,0.09645992036902079,0.09557008366856724,1070
1962-04-30,0.05885717999999982,-0.0866,0.0034915456626534586,0.0021020213218646833,0.0040999999999999,-0.23269775941758364,0.07059964764896869,0.09731968798253268,0.09461057796565091,1071
1962-05-31,-0.03462145000000018,-0.085,0.06464427369439564,0.06018195855356877,0.064,-0.39673449895477997,-0.03832854677579865,0.10382250704821057,0.09211142825952996,1071
1962-06-30,-0.09682613000000018,0.0626999999999999,0.007959325695244365,-0.0017650956542619861,0.005,-0.3456689581660521,-0.11697791491600591,0.10790814815399886,0.0913039054276503,1073
1962-07-31,-0.21632930000000017,0.0213,-0.004193798975951124,-0.011626313297630524,-0.0056,-0.3873319822408574,-0.23192216415877331,0.11321356847729887,0.08706576541404137,1073
1962-08-31,-0.18273341000000018,-0.0521999999999999,0.04047339781973165,0.04005408369258519,0.0395999999999999,-0.32112666377830945,-0.18518150683436174,0.10988204560654184,0.08655927670012128,1079
1962-09-30,-0.14001039000000018,-0.0005,0.00831747823097912,0.01219939441511747,0.0079,-0.21294749551308606,-0.17213563862955691,0.12398261636554635,0.10447308561364965,1088
1962-10-31,-0.21991095000000005,0.1089,-0.07380743361469953,-0.0836999115685341,-0.0723,-0.24213073883060537,-0.2728515909366528,0.11953890803245455,0.09998550976852225,1093
1962-11-30,-0.26286290000000007,0.0101,0.05872275973299994,0.05423479432699416,0.059,-0.22776011203079155,-0.29044957421833395,0.10752273983416628,0.10178935822622463,1092
1962-12-31,-0.16434025000000008,0.0494,-0.021231457943893403,-0.02403782304986886,-0.0214,-0.1468532704829471,-0.19276942439923844,0.10250136237561268,0.09743136118225335,1096
1963-01-31,-0.11426068000000006,-0.024,0.02508484803409325,0.0335789148580042,0.0252,-0.2436683648606579,-0.11171370602756317,0.09392524316441384,0.08321901055707634,1099
1963-02-28,-0.08516073000000007,0.0308,0.01588588681741149,0.016355011848645122,0.0158,-0.2398570042583567,-0.09104644982342362,0.09226352078599502,0.08185337931433231,1100
1963-03-31,-0.10284889000000005,0.0451,0.00016807347741911588,0.007899760619077753,-0.0006,-0.2623638940274096,-0.11643486808658451,0.09355095913044865,0.08358218270733123,1100
1963-04-30,-0.0029705400000000527,0.0176,0.0033281904419912717,0.009479985498350343,0.0029,-0.1634858324521266,-0.003643649721591857,0.10196994727552036,0.08547031297909949,1104
1963-05-31,0.13387441999999994,-0.02,0.011668410146462332,0.010486521765381413,0.0116,-0.06364933987702903,0.1455842982166194,0.09683366085168128,0.07011209651299893,1108
1963-06-30,0.24317741999999995,-0.0039,0.012653978595432266,0.01614379477313069,0.0101,0.05527242287430545,0.23336499078858836,0.09528361125290577,0.06739524085407404,1899
1963-07-31,0.16422400000000004,0.0508,0.009951055338620785,0.01984489913285535,0.01,-0.0228545957638725,0.16834652167218916,0.09411720542664691,0.0689374283955177,1901
1963-08-31,0.13952200000000003,-0.0157,0.001064164279890631,-0.0011712083169234458,0.0012,-0.0369293471465898,0.1264301682151576,0.0915036390716505,0.0675742127556333,1903
1963-09-30,0.24242957999999992,0.0254,0.031615975362124744,0.024317289389595684,0.0313,0.10125898126206911,0.22526577539101558,0.0911259534447199,0.07245168986678832,1899
1963-10-31,0.22702442999999992,-0.0086,-0.007780046629899132,0.0036720915682134196,-0.0077,0.11271865487966298,0.2417856595639708,0.0885992034452219,0.07041135038979526,1899
1963-11-30,0.15488261999999992,0.0183,0.017925031244609146,0.029289141467146344,0.0184,-0.024849237282286052,0.16969931248091913,0.11091315112880598,0.08247626082672638,1899
1963-12-31,0.13625711999999993,0.0224,0.013326681805884194,0.0056450313761931235,0.0081,0.05640030130259599,0.14674305495295234,0.10464035641707604,0.0801166197041264,1903
1964-01-31,0.10733301999999993,0.0155,0.0023930125177550818,0.004919293839451267,0.0033,0.04611732473584518,0.11752442573662061,0.10603331740538394,0.07663946031534291,1894
1964-02-29,0.15368485999999992,0.0141,0.005895555618611655,0.012192331883743232,0.0073,0.06998446843146178,0.17254857322057957,0.1080665909841372,0.07834815798515968,1899
1964-03-31,0.13912378999999991,0.001,-0.006570335958391933,-0.001265144023662458,-0.0064,0.09206982112478013,0.16586499424374274,0.10620673966514689,0.07667799187252623,1909
1964-04-30,0.11002802999999992,0.0141,0.02791897371633945,0.019004132450193584,0.0253,0.1194436164551993,0.11192048591180512,0.10541224518541682,0.07828435149289975,1913
1964-05-31,0.09377612999999992,0.0127,0.0048427839471087315,0.0018753783989720746,0.0046999999999999,0.003223061637606106,0.10382226962075602,0.1033312825517,0.07849661222222883,1918
1964-06-30,0.12799465999999993,0.0174,-0.0042663952483597,-0.0004810754508680834,-0.0037,0.030369449659951586,0.14296026484743332,0.10130753146898426,0.07794981841629076,1916
1964-07-31,0.14439994999999992,-0.0144,-0.0025445425872019038,-0.00740688523956935,-0.0024,0.06178517048612653,0.16043438466528445,0.10501932589043024,0.07929874677611075,1918
1964-08-31,0.1133526299999999,0.0269,-0.0029841516097816254,0.0016666986922490856,-0.0039,-0.02435858714570549,0.11817695346853646,0.10443595267451121,0.0807621827600179,1918
1964-09-30,0.11468968999999991,0.006,0.0016919359035670097,0.013444730080561643,0.0019,-0.04880008406648173,0.13252996984285056,0.10923178452531784,0.07915866177350736,1925
1964-10-31,0.1161095799999999,-0.0001,0.011225133389740575,0.007217224020308804,0.011,-0.07063577833389367,0.12776867999957145,0.1099928378353871,0.08010470067316572,1928
1964-11-30,0.13070691999999992,0.0004,-0.007200589178555964,-0.001892236070886552,-0.0069999999999999,-0.06678509188109727,0.1499164737072447,0.1087671266175434,0.0798003570236405,1932
1964-12-31,0.1126951599999999,0.0354,-0.013865522486257102,-0.010616668270688162,-0.0139,-0.11634927833678999,0.12353542599601458,0.10726233143033921,0.08673665783469378,1939
1965-01-31,0.09126271999999991,0.0044,0.0019546124218344854,0.004155946847381929,0.0024,-0.11055457765202548,0.10504185834695651,0.11176328717038853,0.08242585529917755,1941
1965-02-28,0.11009098999999992,-0.0134,0.001810763854563446,0.005699212970481633,0.0017,-0.037020318932186935,0.13054414480909401,0.11117751906021042,0.08666773238008338,1939
1965-03-31,0.10060094999999991,0.0311,0.027210028853068703,0.019626319993910662,0.0253,-0.022076582994707605,0.12496626767794355,0.11067074866598367,0.09011515879435933,1947
1965-04-30,0.08607352999999991,-0.0078,0.0055750380063428594,0.014756913444228923,0.0056,0.03938269472097178,0.10832218765103974,0.11186669802331478,0.08664140484757685,1952
1965-05-31,0.10224537999999991,-0.0550999999999999,-0.0313612525347164,-0.02462597857326934,-0.0318,0.08770530454386438,0.11170914758045011,0.11282003575274416,0.08755886794865937,1958
1965-06-30,0.08190810999999992,0.0144,0.04101876972131075,0.03803218988747924,0.0409,0.056359426447931016,0.08811356498990353,0.11283364048903557,0.08890360950138804,1968
1965-07-31,0.006919910000000015,0.0273,0.02673411687357799,0.016591961789466772,0.0256999999999999,0.011209004343293305,0.008242804236451877,0.10814170800615067,0.09385161026261987,1968
1965-08-31,0.035634950000000026,0.0286,0.03270224024600005,0.031071575902444762,0.0327999999999999,0.07338394509588697,0.0405924076979288,0.11092786986774124,0.09435330041072344,1975
1965-09-30,0.03599850000000003,0.026,0.03353005947387852,0.020417476138147567,0.0344,0.0880287174535066,0.04242886585821974,0.12177827242317052,0.09420151087684137,1974
1965-10-31,0.05774528000000003,-0.0003,0.044385975217540785,0.045461287765900804,0.0441,0.1516885328184,0.06791951476821032,0.12650346072908664,0.09407339050566305,1970
1965-11-30,0.08308840000000003,0.0101,0.0006279168346652285,-0.004938447799003216,-0.001,0.22483804712087802,0.09290426320248939,0.12532827973024835,0.09465337961053133,1972
1965-12-31,0.08239076000000004,0.0072,0.05189913466784815,0.023130289471529196,0.0525,0.2526422699904592,0.08311842964309854,0.1254205178150714,0.09701460832011607,1977
1966-01-31,0.058307700000000025,-0.0121,0.043326612910044485,0.046965921865092616,0.0458999999999999,0.2798183769779783,0.06254266766288843,0.1361985473611953,0.10126935320601435,1983
1966-02-28,0.06106106000000003,-0.0250999999999999,0.014940713496006133,0.006880993629084371,0.0146,0.29120346705033123,0.06415221457033948,0.13583007739412115,0.10111742635970986,1983
1966-03-31,0.062388320000000025,0.0213,0.058800225363569276,0.0608928527696104,0.0593,0.3059014915605897,0.06097749283922947,0.13177859438437342,0.10123600247736105,1984
1966-04-30,0.006717310000000136,-0.0567,-0.04857165766458357,-0.05162869453323862,-0.0473,0.24584470119386626,0.007247279637509742,0.1406467706698291,0.09720094001899998,1993
1966-05-31,0.035327860000000134,-0.0144,0.03231653923012025,0.029916205372920092,0.0324,0.32643650315782374,0.03286197910654395,0.12900914615371994,0.0999487092482705,1996
1966-06-30,0.03358860000000004,-0.0163,-0.013835653542403332,-0.00868746750160195,-0.013,0.28516052166722555,0.03238610460533556,0.12074040338135256,0.11065027405338408,1993
1966-07-31,0.0048879600000000314,-0.0794,-0.02164484835556671,-0.017867442487011692,-0.0220999999999999,0.27254534734482994,0.004968987404104624,0.12329914702939643,0.11104588779892947,1995
1966-08-31,-0.038085299999999975,-0.0106,-0.018964113818174408,-0.014163191605944973,-0.0187,0.23133897128825054,-0.04095237480320155,0.12616246721386715,0.11723930176918179,1997
1966-09-30,-0.15115749999999997,0.0385999999999999,-0.05212909278292034,-0.05264605837091185,-0.052,0.12264834851761708,-0.18847677094909235,0.13099389255750288,0.11625745783334926,2000
1966-10-31,-0.18707085999999998,0.0138,0.06118818310962242,0.04192995811055006,0.0576,0.0015520438845532114,-0.23145208904818482,0.1285073895809779,0.11408307287392908,2005
1966-11-30,-0.14983548000000008,0.0013,0.010270598282092949,0.005796071833332236,0.0098999999999999,-0.11727582519356672,-0.18348112210602202,0.10188242802212893,0.12218861784692195,2011
1966-12-31,-0.14624578000000008,0.0815,-0.07097992872720395,-0.08225803433387838,-0.0694,-0.10164879694083295,-0.15821731105499484,0.09188804961678027,0.12364533372513255,2011
1967-01-31,-0.15207347000000007,0.0077,0.03300078044849575,0.014216337245224413,0.0351,-0.1258967214326917,-0.16643158872466812,0.08259685360136265,0.12961604004215457,2005
1967-02-28,-0.06536211000000007,0.0399,0.01399783795447336,0.02296220572294229,0.0139,-0.01356540901721881,-0.07385225967133804,0.06722729550526574,0.1170307208924396,2006
1967-03-31,-0.03211449000000017,0.0389,0.0034770739673341128,0.019299272811922584,0.0052,0.04525055631015373,-0.03439729432781665,0.08062917544692011,0.11579075189204824,2007
1967-04-30,-0.014736000000000173,-0.0432,0.006407249400648598,-0.0050919635984331725,0.0065,0.02901032648713131,-0.015909274193885672,0.08222750262860873,0.1128224737806182,2015
1967-05-31,0.08220872999999981,0.0242,0.06065773887204083,0.058706796251912996,0.0601,0.19797174074421842,0.0891448721604127,0.08695040268175624,0.11841019503187733,2018
1967-06-30,0.05183768999999983,0.0458,-0.010547862917979947,-0.008796003083901396,-0.0108,0.14297126227416623,0.0559143573403734,0.08308050932889277,0.10695915000199882,2019
1967-07-31,0.09189534999999982,-0.009,-0.012630901134284963,-0.015881509317347803,-0.0133,0.21097978201017542,0.0905760969565478,0.09017687143538411,0.10654639769279677,2018
1967-08-31,0.22082996999999982,0.031,0.023873943274752993,0.0257008305798029,0.0239,0.2921650552444015,0.17133347651030234,0.0729198137088794,0.09738760190311035,2011
1967-09-30,0.22244682999999985,-0.0308,0.035961043474112206,0.03199448577208246,0.0364,0.29134669129297713,0.15646977871180384,0.07778420871587227,0.09286694848227686,2006
1967-10-31,0.2154502899999999,0.0037,0.01057731962454566,0.004138109318479573,0.0121999999999999,0.30602923056503484,0.10601062378134599,0.060120148805266366,0.08168366725157729,1998
1967-11-30,0.17026740999999992,0.0305,0.032538637113082226,0.04212626878367174,0.0321,0.2095464178375624,0.10354047440433942,0.06383183792340708,0.0905748193822626,1992
1967-12-31,0.17264728999999993,-0.0403,-0.04364280091938286,-0.023014202676181036,-0.0449,0.18653881480871898,0.10265444130028484,0.06220886690576982,0.09059487375712214,1990
1968-01-31,0.12760908999999993,-0.0374,-0.033429752369413604,-0.04179919411050145,-0.0336,0.16896646976605578,0.1240261479310252,0.14187868940011075,0.10717647463532286,1976
1968-02-29,0.07823320999999991,0.0021,0.03175296633249838,0.022802096948843775,0.0319,0.13413077533781625,0.07931224458150725,0.13285512633284133,0.11827345493835278,1966
1968-03-31,0.0014279299999999176,0.0902,0.05105708625374744,0.05781486473183113,0.0513,0.052154779564279274,0.0015361132478553103,0.13949308957611845,0.10913243982072149,1965
1968-04-30,-0.03374677000000008,0.0227999999999999,0.0370954196512744,0.04046932027052546,0.0377,0.005935017574615009,-0.03542367461480281,0.14263858460885398,0.10064868843316237,1969
1968-05-31,0.09285300999999992,0.0069999999999999,-0.019355222981716325,-0.025110826728990215,-0.021,0.1515951742292061,0.08710601339447287,0.14281990087113516,0.10909340999600081,1973
1968-06-30,0.09148154999999983,-0.0269,-0.008466130039423606,0.0016677271580579286,-0.0088,0.13396030326790953,0.09487968714549919,0.14956515657848943,0.10545072499549095,1973
1968-07-31,0.05484664999999972,0.0135,0.019139133823866564,0.0325400686458656,0.0192999999999999,0.02242223916785724,0.058577653724588674,0.14264624094224213,0.10970912235266693,1964
1968-08-31,0.03640525999999972,0.0405,-0.005485441819921166,0.010651213175015661,-0.0068,-0.032843956866966284,0.041171740740100604,0.14266900922377157,0.10941117705442792,1958
1968-09-30,0.01972650999999972,0.0043,-0.013197211789900484,-0.007122427423222157,-0.0144,-0.012987751423236826,0.018668479879138035,0.13128243089296793,0.10292988468575774,1971
1968-10-31,0.09004062999999972,0.0542999999999999,0.01839630953742033,0.0009330243204833527,0.0179,0.01604329633593382,0.09084306067364675,0.1297141876589017,0.09530120068477117,1970
1968-11-30,0.09063022999999973,-0.0393,0.004666683613656221,0.0009858273018896156,0.0032,0.034492232684677715,0.09009817953721953,0.12604438551624308,0.09865699884395811,1969
1968-12-31,0.11228457999999963,-0.0125,-0.0015648536240190306,-0.0066314223678828,-0.0013,-0.03937928509261723,0.11709869155945798,0.13148973883388632,0.10827137350170782,1969
1969-01-31,0.11337196999999963,-0.0586,-0.024669334117965368,-0.015402328562301837,-0.025,-0.01186381538483805,0.1335863717253662,0.13181213808708436,0.11885736462175224,1966
1969-02-28,0.13943486999999966,0.0266,0.041924629690346916,0.04390608107647945,0.0406,0.10527341726369577,0.18411091358683418,0.13658688909654615,0.12571063314134934,1965
1969-03-31,0.07558285999999967,0.0146,0.016205164313628468,0.018012646762417487,0.011,-0.051225650344639995,0.1113257545634582,0.15290482455056298,0.13366620737522328,1971
1969-04-30,0.019676839999999644,-0.0009,0.018769185212764168,0.019628346375798824,0.0177,-0.14740238788754134,0.03274409521258222,0.19406057784444214,0.1617342611911068,1972
1969-05-31,0.01180873999999974,-0.0719,-0.02365585090652632,0.002058971883987279,-0.023,-0.1843000434600518,0.018983289304444737,0.19268138554040787,0.15492897136022027,1981
1969-06-30,0.003991349999999837,-0.07,0.017653717937952756,0.0199111602010002,0.0181,-0.09781507068244144,0.00622442535077377,0.19563534816045414,0.14648270733932237,1985
1969-07-31,-0.04521708000000017,0.0469,0.020536307643870197,0.023113666821331924,0.021,-0.15200287671101753,-0.07044446126608167,0.2011747818312174,0.1426005753286208,1991
1969-08-31,-0.1330071300000002,-0.0297,0.024637655973688295,0.026122478183684177,0.0241,-0.25255878418116073,-0.24326401548470356,0.22696373137601122,0.1575555477796035,1996
1969-09-30,-0.12722684000000017,0.0506,-0.044064825580981556,-0.04258219890408782,-0.0436,-0.21420618368701572,-0.20313005965598757,0.2121835226994102,0.15814288655365155,2003
1969-10-31,-0.1618873800000002,-0.038,0.036518549936914474,0.04093771796507685,0.0368,-0.19788975672106768,-0.2825245471165067,0.21013249327828032,0.17305592775059525,2014
1969-11-30,-0.1652747900000001,-0.0263,0.04931059279466929,0.059049740857311,0.0527,-0.13411984296124457,-0.2533918163730778,0.188377643793607,0.15738693313985516,2024
1969-12-31,-0.1638456900000001,-0.081,0.004885510595165621,-0.020643139365827998,0.0056,-0.0983320419901148,-0.22069968818538338,0.19434079983340508,0.1585059685072438,2035
1970-01-31,-0.1780790600000001,0.0513999999999999,0.003960092879038868,0.01341231980829359,0.0027,-0.08498025761573569,-0.21880204235746162,0.19707145394272263,0.15505306219695644,2050
1970-02-28,-0.20338966000000008,-0.0106,-0.002806541821499156,-0.0069560652732981315,-0.0037,-0.12764151375632915,-0.2530972841044218,0.19298633389369635,0.149037050297524,2066
1970-03-31,-0.18072038000000018,-0.1099,-0.008366362026786145,0.001152623884914633,-0.0083,-0.11511829472544155,-0.23151430157519592,0.1932516811818903,0.14714821570974052,2085
1970-04-30,-0.20568178000000018,-0.069,-0.025655875909178665,-0.014692562809847542,-0.0266,-0.23228318887704102,-0.28607455600559417,0.18655949855887197,0.14923109883267485,2095
1970-05-31,-0.3262138000000002,-0.0579999999999999,0.0565086503757659,0.07975407328949599,0.0562999999999999,-0.4303067676755461,-0.4321225238116702,0.1842803391607518,0.15676894758523208,2107
1970-06-30,-0.3229061800000002,0.0692,-0.031211997800790744,-0.010137520277984736,-0.0311,-0.41186371473355454,-0.4365426030846991,0.1771800416125652,0.16300154445992537,2116
1970-07-31,-0.30940478000000005,0.045,-0.06650234826030751,-0.06076839407548482,-0.0673,-0.4483828410003078,-0.37306863569866194,0.17669936661529606,0.14668108544932507,2129
1970-08-31,-0.2898191500000001,0.0418,-0.08410854979740061,-0.09741347788632176,-0.0864,-0.4885312536337205,-0.3938727380762481,0.1782877915813693,0.1526901525678478,2137
1970-09-30,-0.21668470000000006,-0.0227,0.09515479434559876,0.09954020161956621,0.0946,-0.4668924210692694,-0.34058027562213844,0.1892858787357265,0.16781073639347624,2143
1970-10-31,-0.22459370000000006,0.0462,0.024885383737349137,0.04046283414087079,0.026,-0.4611053792734926,-0.3436572654457633,0.19555287156665271,0.1555983676605573,2151
1970-11-30,-0.2084581700000001,0.0574,-0.024996889678485026,-0.008929824522421623,-0.0229,-0.48532447931132616,-0.28728693728041155,0.19656621933822868,0.15686572393943488,2162
1970-12-31,-0.1377817600000001,0.0483,-0.06755089533267873,-0.08646718866268514,-0.0684999999999999,-0.46266525079856025,-0.2017414768408175,0.20570967172257207,0.15728774705682252,2166
1971-01-31,0.0031573999999999144,0.0141,0.006063902340281615,-0.007536054609367723,0.0083,-0.37635791219749015,0.004724558594296971,0.20632099543733412,0.16489772796034405,2176
1971-02-28,0.0005016100000000065,0.0412,-0.01294225396299288,-0.0012575027719235257,-0.0136,-0.28990354801955065,0.0008453280807303492,0.1915477241919137,0.15591813572577817,2187
1971-03-31,0.02500821000000001,0.0315,0.01346899378916544,0.0077291684196893265,0.0134,-0.14868535290117002,0.0434427073155056,0.19435731719364616,0.15841971320227227,2189
1971-04-30,0.18581568,-0.0399,0.009528632193466953,0.0124674298824985,0.0093,0.15891769662139088,0.31446097326633005,0.20972855779276844,0.16077843034251665,2195
1971-05-31,0.28963053,-0.0009,0.026425377147931077,0.02711896847656617,0.0269,0.2713769392799834,0.43637567810816213,0.1976123533611304,0.15984990098868315,2195
1971-06-30,0.30928182999999987,-0.0449,-0.02303377493209305,-0.020945729301855967,-0.0232,0.3789645847763461,0.4597001193495813,0.20159540889986835,0.1686647592313801,2198
1971-07-31,0.2443328299999999,0.0379,0.03454691291591082,0.05083853809262596,0.0345,0.33181023690076306,0.36377142770189597,0.1783019955600264,0.1603278464649257,2196
1971-08-31,0.15485991999999987,-0.0086,0.021472921631294415,0.0342655478071992,0.021,0.1492081978765244,0.23826851674659433,0.17789929215329076,0.16396366182531127,2207
1971-09-30,0.15131833999999988,-0.0441999999999999,0.006054495742920198,0.00834857938828494,0.005,0.07010223708823327,0.2558866421412772,0.19337557467977937,0.17136802208724966,2219
1971-10-31,0.1657870699999999,-0.0046,0.015157959982903226,0.018650737227347537,0.0151,0.2048265666622614,0.25984049603549375,0.19821265493958284,0.1766218058272417,2233
1971-11-30,0.07594393000000002,0.0871,-0.006831469956387171,-0.004867735481195373,-0.0060999999999999,0.15236658777846696,0.11670646410300661,0.17974031875522117,0.16435342699471925,2243
1971-12-31,0.017475630000000013,0.0247,0.0031481388472278105,-0.011498328244979594,0.0007,0.10783486378079998,0.023393485799551222,0.16547972401278863,0.1571713322423539,2251
1972-01-31,0.050883380000000006,0.0287,0.025186322183181294,0.02071190756465799,0.0253,0.05143516064593878,0.07744652712294334,0.17203623632128132,0.1595309957208079,2254
1972-02-29,0.061047000000000004,0.0062,0.029056751940728386,0.02090536968950387,0.0294,0.12559553214962216,0.10506410140648703,0.17265298421635883,0.16167240556973195,2258
1972-03-31,0.04947260000000001,0.0029,0.02646406824445839,0.026373676917367,0.0279,0.08277478845830988,0.07479531911914387,0.17312678678025414,0.16038475806681196,2269
1972-04-30,0.02519787000000001,0.0129,0.03316408492416685,0.034314405257013236,0.0333,0.04791640449019885,0.03747420004674166,0.17109160816382926,0.1594715506917488,2281
1972-05-31,0.06945735000000001,-0.0243,0.01795663312678652,0.011828605590378818,0.019,0.1030903301386642,0.10240988484882485,0.16510611647083323,0.15565172046909953,2286
1972-06-30,0.08304972000000002,-0.008,0.02783060314790869,0.011569085941083562,0.0268,0.09866657202782225,0.12158940799404724,0.16177533372247693,0.16158649024069588,2293
1972-07-31,0.10496611,0.0327,-0.05318465410238021,-0.0344783524221975,-0.0536,0.12436090056606441,0.13928067875844236,0.1672892357200697,0.15818116579771835,2301
1972-08-31,0.06064145000000001,-0.0113999999999999,0.018010765591838465,0.015434930410393996,0.0182,-0.02822604076418611,0.08010827661692449,0.17819822292610543,0.16762998514499738,2308
1972-09-30,0.10081947000000001,0.0052,0.00700766007480493,0.008578390554532259,0.0069999999999999,-0.04048688831014846,0.14515286863953186,0.1769121472181505,0.16320507324951983,2308
1972-10-31,0.13531837,0.046,-0.05011353842691774,-0.03654866268527539,-0.0508,-0.022007302658246686,0.22661952277656194,0.18884009043477293,0.17782203135910402,2321
1972-11-30,0.14507467,0.0062,0.04915757290456508,0.04904304026484459,0.0495,-0.07534791042426336,0.23291060209596354,0.18332293495762633,0.18002053233809084,2336
1972-12-31,0.10959715,-0.0327,0.03786215571579069,0.018448640431653132,0.0382,-0.10655306598717695,0.182926086746869,0.17427611661328432,0.16499782795419332,2348
1973-01-31,0.09171749,-0.0484999999999999,0.0222694930320336,0.015560993850969693,0.0218,-0.25800943633471163,0.12440779546679007,0.15419801983108472,0.16046002693107855,2356
1973-02-28,0.030287520000000005,-0.013,0.036697205144078066,0.03104955965809731,0.0355,-0.4118617424034168,0.03948184994824426,0.14774047412624092,0.15740084721925857,2365
1973-03-31,-0.026505849999999897,-0.0567999999999999,0.06310538053575576,0.06125977554707694,0.0635,-0.5270599853167892,-0.032449344689888714,0.1492813124297269,0.1521094066406524,2373
1973-04-30,-0.042498229999999894,-0.0297,0.07238460885501032,0.0697848791285569,0.0718,-0.5203543170006101,-0.052626231072851797,0.14675952580609716,0.1459456959041634,2382
1973-05-31,-0.11492399999999978,-0.0157,0.044259106431163514,0.04521233994712248,0.0431,-0.574311271550485,-0.12459256748478442,0.15038830861138244,0.1475154237989188,2383
1973-06-30,-0.12053459999999978,0.0504,-0.11540299933826573,-0.099508375502363,-0.1166,-0.6156035925785807,-0.12820928894148714,0.1434968618669318,0.15110817977693522,2388
1973-07-31,-0.1283618199999998,-0.0382,0.033730732786785164,0.04726680080011661,0.0359,-0.5994443903631996,-0.12460035512232129,0.15054107089840912,0.15643172693467233,2404
1973-08-31,-0.1123604199999998,0.0474,-0.06929958814739487,-0.026771761916011272,-0.0698,-0.4553251872874046,-0.1418551521395207,0.14453652408279544,0.14804200151182775,2413
1973-09-30,-0.14026105999999988,-0.0083,0.07017015705410831,0.06391951430228629,0.0678,-0.4711598041295229,-0.1800621627052283,0.14523976619652595,0.1498900447011412,2417
1973-10-31,-0.10058229999999989,-0.1278,0.0889572568097976,0.07606177463545097,0.0877999999999999,-0.36328598954580726,-0.1410758282632418,0.14617844165061275,0.14621422081924207,2428
1973-11-30,-0.1526110399999999,0.0059,0.0935041650404526,0.08799420019396931,0.1016,-0.34573133652057364,-0.17988576495222255,0.14124948624909242,0.1397528360078342,4885
1973-12-31,-0.3021668199999999,-0.0016,-0.08795366217846701,-0.09272850988697515,-0.0891,-0.3989036476790163,-0.29920081434684587,0.13613394187231395,0.13538615186134528,4826
1974-01-31,-0.26271397999999985,-0.0046,0.0020513480397373897,0.00046591149914972964,0.0037,-0.3582155235212372,-0.2459239165284911,0.14020684564315308,0.139713747481134,4768
1974-02-28,-0.21365790999999998,-0.0282,-0.010206355545616396,-0.028265036793625423,-0.01,-0.27383562388650595,-0.2325285568631647,0.14119148330880574,0.14020203355551158,4757
1974-03-31,-0.20514318999999998,-0.0528,0.021114189725232144,0.02195285807250158,0.0206,-0.2372349120515389,-0.22127678566180042,0.13912302166657534,0.14045779181361423,4743
1974-04-30,-0.1742496300000001,-0.047,-0.003226045407379863,-0.0021917423971671707,-0.0029,-0.13440077530325423,-0.18992066079345854,0.12767365950641646,0.13532876478126835,4722
1974-05-31,-0.19901085000000007,-0.0283999999999999,0.023473227684689804,0.027168322927644907,0.0232,-0.037236669121460175,-0.2040200947166828,0.12910730411862673,0.1313724300062439,4705
1974-06-30,-0.23200093000000008,-0.0806,0.030738817273540615,0.02148763228693018,0.03,-0.006707635431325798,-0.24141587724182634,0.13122119989920006,0.1333550785145362,4674
1974-07-31,-0.30857437,-0.0939,0.030541827458005946,0.032055102055185275,0.0302999999999999,-0.25439730864894594,-0.3262702982816452,0.15374017989372674,0.14167922128749674,4646
1974-08-31,-0.35571468999999994,-0.1178999999999999,0.041437549971214765,0.027346253630373935,0.0424,-0.22724514546789532,-0.39681460468626595,0.15299100928174839,0.15326732564995757,4627
1974-09-30,-0.50269942,0.1611,-0.0036809601138065584,-0.006931573519474238,-0.0052,-0.31096187102512507,-0.5034192715719144,0.1510036540456198,0.1513299130236499,4607
1974-10-31,-0.6252298999999999,-0.0453,0.022498638642649414,0.0328788807210931,0.022,-0.3472586798656718,-0.624433015940336,0.15847466523335327,0.15338344386317576,4585
1974-11-30,-0.34748755999999986,-0.0344,0.028517184376283956,0.030541878395518356,0.0298,-0.17924337774179055,-0.40608437301840455,0.1603029880830272,0.16191358219138202,4540
1974-12-31,-0.40042245999999987,0.1367,-0.13746812078772563,-0.1627842681317967,-0.1379,-0.2177409778261702,-0.44243147075263745,0.15801916506117505,0.16347392024084373,4516
1975-01-31,-0.4341725399999999,0.0556,-0.006691354125453686,-0.013991400988180011,-0.0058,-0.3088718232444916,-0.4554473070534736,0.14904805419310707,0.1643542696891824,4489
1975-02-28,-0.31235780999999985,0.0266,-0.02031514687902569,-0.029242274351805667,-0.0207,-0.18686855027096094,-0.46009867973562446,0.14968622285938848,0.17072760193406586,4469
1975-03-31,-0.23125092999999988,0.0421999999999999,0.014687480749612819,0.016031288132420635,0.0152,-0.14050367656084695,-0.3238562861110504,0.14429935178961725,0.16711681130386136,4465
1975-04-30,-0.1502757099999999,0.052,-0.005664058212524942,-0.008109844959367493,-0.0058,-0.026082616281782878,-0.19327699592122888,0.14227622090503758,0.15677320007349252,4460
1975-05-31,-0.06118572999999998,0.0487,-0.0010032325208485723,-0.007760740950745179,-0.0005,0.06543318505974949,-0.07715196815669884,0.14126500565716188,0.1524390211358633,4454
1975-06-30,0.016917629999999913,-0.066,0.004380543127143498,-0.006483741019463089,0.0034999999999999,0.15909209760669485,0.021137421414436797,0.14540535016069112,0.15357231377037178,4450
1975-07-31,0.14957842999999993,-0.0283999999999999,-0.0017363806411281116,0.0026739549284099037,-0.0016,0.2363684453033542,0.18013170339131945,0.147891972174776,0.14976620438331878,4424
1975-08-31,0.18169303999999994,-0.0426,0.0034298832538842486,0.0030010596870469267,0.004,0.20954611083319374,0.18988499537827153,0.12545429009902473,0.12237572869509591,4418
1975-09-30,0.28346821999999994,0.0532,-0.001788183440097471,0.016902830813720033,-0.0022,0.21404964852431496,0.2586089750604416,0.10128987960882647,0.11034681672307714,4409
1975-10-31,0.10495405999999993,0.0265,-0.004278788079069274,0.0038990623405678847,-0.005,0.028997200216555608,0.07578676238638882,0.08855034136983674,0.09606572897076995,4406
1975-11-30,0.20213336999999992,-0.016,-0.0013240075386408891,-0.01493709676874436,-0.001,0.07588029117639594,0.1470342359717993,0.08897331362275077,0.09739516943834964,4404
1975-12-31,0.26316502999999997,0.1215,0.04277695117690275,0.03852964818610652,0.0438999999999999,0.12649122272145286,0.1745946121959188,0.09097759240408448,0.10021961224301942,4412
1976-01-31,0.12976557999999994,0.0031,0.003448745104683862,-0.014015365659610757,0.0038,0.04306401221268197,0.12822744347307805,0.14601779687548055,0.10409474414342426,4412
1976-02-29,0.18366271999999997,0.0232,0.0028066473529370327,0.006655343542250511,0.0023,0.15753022571567277,0.1716803977433388,0.14209003076951554,0.10534780045052711,4406
1976-03-31,0.16095918999999997,-0.0149,0.00612723429713671,-0.0022862847071446375,0.0053,0.11074602230657438,0.16429365056633496,0.14627710062657007,0.1090490526215767,4420
1976-04-30,0.14329467000000007,-0.0134,-0.010437717118682419,-0.018535100955106312,-0.0106,0.08711577339761856,0.15001616862788997,0.14081162050417084,0.11105688467015518,4419
1976-05-31,0.07916804000000005,0.0406,-0.004219993247231463,0.0019557095240487973,-0.0044,0.010467129893847016,0.08477301533312534,0.14710352986572323,0.1065973458362081,4421
1976-06-30,0.019509420000000055,-0.0106,-0.0010037116466205392,-0.0073267991530877145,-0.0015,-0.05546465737100725,0.019785914093143245,0.1513135605979644,0.10076782831783192,4429
1976-07-31,0.12832568000000005,-0.0056999999999999,-0.00745911687197927,-0.001535535745565926,-0.0078,0.07728549406892704,0.1438846435210715,0.1507583109452812,0.10301708100472451,4434
1976-08-31,0.14673337999999997,0.0206,0.0026213167075426896,0.006650367546686877,0.002,0.06586768120584574,0.15855162008268475,0.15351220864767415,0.09977663695541969,4439
1976-09-30,0.18521381000000006,-0.0242,-0.004658564118244148,-0.002172049109862708,-0.0042,0.08090196114541293,0.21345020489364913,0.14863281001746703,0.10501897540374683,4438
1976-10-31,0.15522697000000008,0.0036,0.02757586332611201,0.01927975257639409,0.0281,0.07681710893847948,0.16287571195482453,0.1403377007068534,0.09847576829998961,4436
1976-11-30,0.10485145000000007,0.0565,0.007167016811021346,-0.006157539289809888,0.0075,-0.022995463272033168,0.14261653219412584,0.21460226701944646,0.11131406968251048,4442
1976-12-31,0.12460329000000007,-0.0403,0.04040245245928756,0.023794266613716933,0.0405,0.022044384277274176,0.17919883131490186,0.21754016737734,0.11484562332762877,4451
1977-01-31,0.07151834000000006,-0.0194,0.0026540986858143607,0.005290453045463666,0.0034999999999999,-0.11587126704321749,0.10330101045029905,0.22617546380091122,0.09605147088547986,4445
1977-02-28,0.026659480000000062,-0.0135,0.006812246814064211,0.009532431394079399,0.0068,-0.2181341323881234,0.03677253799644858,0.22316400627015448,0.09306289405476231,4440
1977-03-31,-0.015617939999999945,0.0015,0.04181166804538992,0.02812696850183025,0.0419,-0.2337586994813008,-0.02102479256877771,0.22265976331725915,0.09112922232284769,4446
1977-04-30,-0.014189459999999947,-0.0147,0.020469074554668863,0.01000322508809701,0.0200999999999999,-0.19769897252789714,-0.018616274987115558,0.22549334631105697,0.09009197142075845,4450
1977-05-31,0.0008325700000000533,0.0472,0.015060562221890339,0.014705191668500803,0.016,-0.15655693083951006,0.0011513076017967679,0.22776943147310447,0.09530813403005955,4465
1977-06-30,-0.05280618999999995,-0.0169,0.0030863560267299067,0.0003075728059560171,0.004,-0.22756442641558206,-0.07631069943124535,0.22540125674657419,0.10267306104560273,4479
1977-07-31,0.002639710000000052,-0.0176,-0.016490341041909554,-0.005161228409511074,-0.0163,-0.1100896519297001,0.003701590090535676,0.22469954248596213,0.1043167750082703,4486
1977-08-31,-0.008766370000000048,-0.0027,0.020814190834477903,0.014623281725307934,0.0209,-0.0845695943755923,-0.013202131042910674,0.22626090110521985,0.1068899201832706,4487
1977-09-30,-0.046683690000000055,-0.0438999999999999,-0.0010557072836568718,0.0001558301677382981,-0.0011,-0.0944886718797372,-0.06772101118316179,0.22570699344940276,0.10749024313932913,4479
1977-10-31,-0.02469295000000005,0.04,0.02088623018746851,0.021023914660036405,0.0214,-0.020152979493635148,-0.03914562225180826,0.2295249925986821,0.10421680296962296,4467
1977-11-30,-0.07387768999999994,0.0027,0.015290349592136782,0.011468856226679541,0.016,-0.08910517246668004,-0.10504732966579113,0.22941643670524633,0.10027234256920012,4461
1977-12-31,-0.08875943999999995,-0.06,-0.005789119974643223,-0.020209071682147677,-0.0056999999999999,-0.030420833735054553,-0.12731732703464357,0.2295754509345913,0.1037659607085958,4454
1978-01-31,-0.04430094999999995,-0.0139,0.019592978040030733,0.014424428059729584,0.0196,-0.007428384551237177,-0.06423462002256543,0.2232387829469079,0.10439712094324252,4442
1978-02-28,-0.08789848999999994,0.0285,0.01447356141636006,0.009991564740310835,0.0144999999999999,0.03467756773654007,-0.1371193238551369,0.22640027774132943,0.10201222949972852,4422
1978-03-31,-0.08829680999999993,0.0787,0.004927441826532181,0.0072848235549009405,0.0049,0.044930458334706436,-0.12185761124574018,0.22745227187940203,0.10277951860196685,4418
1978-04-30,-0.062252159999999945,0.0176,0.027762817656168323,0.008868288200274868,0.0276,0.13685462853687336,-0.09360274792768847,0.23128980662393367,0.10285506151757397,4415
1978-05-31,0.024690870000000073,-0.0169,0.027403560094968325,0.012092862195514288,0.0279,0.24875715310879998,0.04219905316731354,0.23301147096632813,0.10428733878227081,4417
1978-06-30,-0.0028920099999999276,0.0512,0.04159509417020707,0.031849926531157896,0.0419,0.24443865939142928,-0.0046038165997259635,0.24087339015511364,0.10508703531760855,4399
1978-07-31,-0.002871729999999923,0.0378,0.03030000211146181,0.033927586787139835,0.03,0.2405209586874938,-0.004557713160096067,0.2454845005030333,0.10608183787954842,4374
1978-08-31,0.06325243000000008,-0.0144,-0.03300347633378369,-0.028454597963103734,-0.0319,0.28953388394651025,0.10771089640698502,0.25030643690862897,0.1061236451623847,4367
1978-09-30,0.10210759000000008,-0.119,-0.08447825164174684,-0.08510577191259977,-0.0847,0.34630404539624693,0.1496113803778814,0.2517921635458754,0.10705297010429538,4347
1978-10-31,0.13320160999999994,0.0271,0.05334906128123734,0.055348736442236646,0.0545,0.3403688839296811,0.19310279911909023,0.2527360649300443,0.10448558179747482,4337
1978-11-30,-0.03735019000000003,0.0087,0.030307916569429563,0.02272780634167992,0.0302,0.03870779626724108,-0.06797439554021567,0.2512031449783811,0.11322636996930058,4332
1978-12-31,-0.013853780000000038,0.0421999999999999,-0.013840497624626621,-0.01349234900362889,-0.0141999999999999,0.11483641168296754,-0.028700439065332525,0.25156498259940147,0.11754012952617866,4327
1979-01-31,0.058008669999999964,-0.0356,-0.010368717345448076,-0.012586964839496253,-0.0098999999999999,0.16853114217665355,0.10054992679199673,0.24512078029488232,0.11017683165012761,4314
1979-02-28,0.11213215999999987,0.0567,0.029169419995647677,0.029136618363923228,0.0291,0.19609042984702518,0.2034766172221823,0.2429324369197286,0.10869540110341604,4293
1979-03-31,0.04798797999999986,-0.0007,0.00807952190933972,0.009289518235198038,0.0088,0.025468865252959216,0.08806702438964807,0.24245256872164914,0.10920875665953216,4291
1979-04-30,0.028932489999999852,-0.022,-0.005362119255205196,8.78329955793667e-05,-0.0058,-0.011636092275505328,0.05297403358696844,0.22700245654627585,0.10660810920570095,4290
1979-05-31,0.011037119999999852,0.0384,0.007636043350821034,0.01061060043584204,0.0076,-0.031832883159167547,0.018434022963547073,0.2230785662313187,0.10473521819268544,4293
1979-06-30,0.005827869999999846,0.0083,-0.010236837858149078,-0.003204255681363153,-0.0107,-0.04847067781267922,0.00982169299647438,0.22320823001207116,0.10277604554282997,4287
1979-07-31,-0.005849570000000151,0.0554,-0.001904511659229946,0.0023291773412359162,-0.0029,-0.11331737196953828,-0.008263304742301969,0.21049884798099927,0.0934866596612293,4282
1979-08-31,-0.033841850000000145,-0.0083,0.053069880177238724,0.0298190421697492,0.0528,-0.18288351061522878,-0.048496145260257834,0.21068119779148498,0.09462531162598363,4296
1979-09-30,0.03258048999999985,-0.081,0.020271558806193524,0.014954997953768118,0.0206,-0.04673246035462564,0.050489026410593135,0.21270554726133478,0.09871354577166754,4298
1979-10-31,0.15663228999999984,0.0521999999999999,0.08007411611103624,0.08316880693937515,0.0806,0.20403208814228668,0.1928568569554967,0.2163359241714563,0.10176746260869546,4290
1979-11-30,0.04360009999999982,0.0178,0.04692425284562045,0.05295092758060466,0.0473,0.06984037058883086,0.06193393833071144,0.22430151829459566,0.10465751849473426,4296
1979-12-31,0.08400202999999974,0.055,0.07538149773293243,0.05665300532084366,0.0746,0.11018120288844357,0.11828926516368665,0.22500559855422347,0.10597805949816566,4294
1980-01-31,0.06122186999999984,-0.0123,0.07850311846360253,0.04622534471892678,0.0791,0.13118519233774623,0.07760663510770209,0.22709909471592865,0.10419115403273169,4276
1980-02-29,0.14936434999999984,-0.129,-0.09730907156152331,-0.08807663514416508,-0.0959,0.1773602096116823,0.16396225127860006,0.22798710805180591,0.10887988905862934,4262
1980-03-31,0.08399668999999982,0.0395,-0.004489840085197046,-0.0018099588479801032,-0.005,0.09312977073256518,0.10191352543019727,0.22797096660291447,0.10941534952323108,4263
1980-04-30,-0.059388520000000194,0.0526,-0.012317659631249991,-0.012300032519022966,-0.0118,0.005959647696022086,-0.08771474258884085,0.22864052633317794,0.11739148557314799,4262
1980-05-31,0.0003571299999998098,0.0298,0.015984942098480462,0.018992070491463425,0.0158,0.01277847375595953,0.0005251539431715776,0.22845695910823094,0.12645642614133137,4264
1980-06-30,0.013149909999999806,0.0650999999999999,0.0023592794578207593,0.029494005452124647,0.0032,0.03722964823228714,0.020384383803594176,0.22610758845765544,0.1252395499212562,4262
1980-07-31,0.03371288999999981,0.0175,0.03207084614746364,0.03495369845771894,0.0308,0.012013339552425673,0.05379323361052554,0.23878437963603083,0.12560439932904,4247
1980-08-31,0.04232558999999972,0.0219,0.05385933530288112,0.0355035759951746,0.0544,0.10106943658959566,0.06987432011304974,0.2546850524400508,0.13142223631921332,4260
1980-09-30,0.06770733999999973,0.0104,0.07176498438947189,0.05797165794039692,0.0713999999999999,0.1518366649039563,0.11966987556667605,0.28639250286706214,0.12759002255497648,4249
1980-10-31,0.17581977999999973,0.096,0.1522952483490769,0.11853107552743077,0.1519,0.26864821320787724,0.3971013402918853,0.36874028367806366,0.17455885413978334,4238
1980-11-30,0.13705443999999983,-0.0446,-0.06761094092276573,-0.04648495671857754,-0.0669,0.22336760420150525,0.2827452647192393,0.35749526120411146,0.17055714640758327,4253
1980-12-31,0.20560277999999982,-0.0506,-0.07869720853573789,-0.07101673713324792,-0.079,0.20169809141281925,0.37467168234194304,0.3428607310061872,0.1609204240162115,4276
1981-01-31,0.10806287999999983,0.0060999999999999,-0.013055951699302354,-0.008463030816159307,-0.0138,0.15146927180664194,0.16108141973968165,0.2345001639796206,0.12697139010750935,4274
1981-02-28,0.06777057999999983,0.0366999999999999,0.007298376744454896,-0.010085221938520045,0.0083,0.11968018713249462,0.1016973422452166,0.24991686346446043,0.12480260145254837,4280
1981-03-31,0.21784819999999974,-0.0216,-0.011264027156251322,0.0014745803932663983,-0.0108,0.31131820419254674,0.2951442651394821,0.2192264958936799,0.1240119107678233,4268
1981-04-30,0.21531518999999966,0.0013,0.03523929805289156,0.027262503378493216,0.0355,0.3235442620838926,0.27816089560378066,0.22711677987285767,0.12134925205559095,4274
1981-05-31,0.14407472999999965,-0.0233999999999999,-0.05704219733646636,-0.04241822129370454,-0.0569,0.2938123643451287,0.18145566152980092,0.21714477834445783,0.11723367668595075,4290
1981-06-30,0.11662790999999965,-0.0155,-0.025210498514933982,-0.022973431316924132,-0.0245,0.30738223577096885,0.13264682046298878,0.21386828984340087,0.11773763083152196,4326
1981-07-31,0.032479289999999855,-0.0702,-0.010923455375330814,-0.011034906158481933,-0.0109,0.1462126302919331,0.04728741040461881,0.2244104580592319,0.12723718040662219,4342
1981-08-31,-0.0001505100000001522,-0.0719,0.020297950250232774,0.016212107621519367,0.0213,0.019947361308431,-0.0002286709344156145,0.22161662091984227,0.12288524365349177,4378
1981-09-30,-0.09563613000000015,0.0492,0.039669460141340054,0.03517718447462123,0.0393,-0.1706779105097892,-0.13518733437772557,0.2186128130013131,0.12348177849455225,4410
1981-10-31,-0.18200722000000016,0.034,-0.0013304405684244902,0.01097579619291637,-0.002,-0.2920483273679928,-0.2567336008809088,0.22928208762567803,0.1396458938372957,4424
1981-11-30,-0.22168558000000013,-0.0363,0.01287592846193648,0.016735411873897574,0.0127,-0.3508970444738373,-0.2750360302765976,0.21683216656972953,0.15267271235867083,4458
1981-12-31,-0.14320048000000019,-0.0323,0.01658305446709225,0.015293413558915336,0.0176,-0.36511772534018394,-0.19249686527891655,0.2170510888803496,0.15788043740188612,4489
1982-01-31,-0.1278682400000002,-0.0586,0.049209588783230104,0.042757780452668065,0.0487,-0.3612365635996697,-0.17816312640612986,0.2086173830536328,0.15943901220934786,4492
1982-02-28,-0.16695065000000006,-0.0182,0.029138449575947523,0.03187819454528229,0.0291,-0.4259397112510721,-0.24286494194904806,0.21254294432913542,0.16511784644781016,4521
1982-03-31,-0.26335453,0.0324,-0.004867599606957443,0.002738363550005306,-0.0046,-0.5219714297578231,-0.3508133089450495,0.21483466273861743,0.16206298691510473,4572
1982-04-30,-0.25987413,-0.0393,0.02592372968478081,0.028687889556148184,0.0250999999999999,-0.5564297363990226,-0.3187427196886585,0.21750939598195834,0.16265915448697893,4604
1982-05-31,-0.23017337,-0.0308,0.04955368006539275,0.051281187208456626,0.0487999999999999,-0.5575482614708919,-0.2950070573032805,0.2170094264996501,0.16787639517438468,4646
1982-06-30,-0.24696962000000006,-0.032,0.04353880489366127,0.04283129956577585,0.044,-0.539284907807314,-0.33593872337758723,0.23220262450848136,0.1776620294296037,4694
1982-07-31,-0.26287453000000005,0.1123,-0.03701648133632335,-0.034467654848119034,-0.0356,-0.5517527445852268,-0.35059881794764025,0.23679026248330245,0.17727696643561358,4705
1982-08-31,-0.22133305000000006,0.0131,0.04210132176376614,0.04480039039242521,0.0414,-0.4340864128900792,-0.29579057450733814,0.24512661527359367,0.1799641488161663,4718
1982-09-30,-0.04631977000000004,0.113,0.0017773180003044509,0.00506887852283372,0.0,-0.29518487166590507,-0.07359269795359558,0.25047797765188284,0.17989032493099683,4737
1982-10-31,-0.07964223000000005,0.0467999999999999,0.05973959162427383,0.04827428863630038,0.0591,-0.37772002233433555,-0.11940407306610698,0.24443187152297466,0.1820891077596886,4739
1982-11-30,-0.012558130000000042,0.0056,0.0006507211060799451,0.0009201665872095727,0.0,-0.19591995467134704,-0.018994077561471104,0.23188965955738042,0.17826226745002063,4741
1982-12-31,0.06905866999999985,0.0359,-0.016992780163581724,-0.046964876845619535,-0.0163999999999999,-0.09705827037762427,0.09257868865427557,0.23048608169105367,0.18634422757105962,4728
1983-01-31,0.10767467999999986,0.0259,0.037728009752980386,0.046766591418855016,0.0371,-0.07383022729616706,0.1537898076233391,0.24273860773735795,0.19296205857571874,4722
1983-02-28,0.20353299999999985,0.0281,0.007779325025885034,0.013304568587931352,0.0088,0.06653375982308707,0.3007592020865517,0.2499769095189679,0.19738010772774087,4701
1983-03-31,0.24695448999999986,0.0666,0.01794027054525879,0.015117410062427353,0.0163999999999999,0.13117779470308277,0.36625058521577125,0.2536775001089622,0.2003058284476163,4695
1983-04-30,0.24310372999999985,0.0051,-0.014607693381579037,-0.0252239539863212,-0.0156,0.08622086158234721,0.36940410186206046,0.25318544484114536,0.1942148630776652,4692
1983-05-31,0.3452232199999999,0.0306999999999999,0.018248384536475586,0.010959646390054943,0.0186,0.14110883677417752,0.5195776712250757,0.25075312052646925,0.19030932536755799,4686
1983-06-30,0.38171497999999987,-0.0406,-0.030828349650087884,-0.03144401418176161,-0.0308,0.2668553362596963,0.5851709928903566,0.25304115053831644,0.20024439108221675,4690
1983-07-31,0.44395479999999976,-0.005,-0.05421250989213754,-0.039342337947208775,-0.0536,0.3541655571855088,0.6681015721984083,0.2533703372708137,0.20116595537852033,4676
1983-08-31,0.3031716499999998,0.0092,-0.0006343008201176031,-0.0002119656473118514,-0.0001,0.1962057903850033,0.4141225976008141,0.22067795989792902,0.17620767590159708,4677
1983-09-30,0.2853230699999998,-0.0343,-0.045863643723622366,-0.047738678544102076,-0.0448,0.26330628249164345,0.4254050574844089,0.2208666868825279,0.17237288885124272,4654
1983-10-31,0.19480420999999978,0.0217,-0.0009474981175403817,0.021270722394129693,-0.0013,0.07119160120870699,0.33714030002057743,0.21171164802985107,0.16776450851037877,4686
1983-11-30,0.11527347999999989,-0.0177,0.008778275819342405,0.0008236955220831121,0.0081999999999999,-0.13545371992482913,0.18118911166336468,0.20306422955829573,0.16640618681028843,4724
1983-12-31,0.13081956999999989,-0.0192,-0.02551889585066923,-0.02904094387652365,-0.0256999999999999,-0.09603412376143838,0.2091273567223368,0.20148439311088154,0.17165129085578112,4736
1984-01-31,0.07857200999999989,-0.0476999999999999,0.003746258172293862,0.00042803055914020227,0.0045,-0.15036450419446934,0.13223040525044796,0.2080388423226907,0.17145675544173883,4732
1984-02-29,0.03408067999999988,0.0065,0.009687968530225952,0.020513328994379833,0.0112,-0.22030969549348223,0.05923198329456947,0.20327908856625926,0.17529367598286963,4761
1984-03-31,-0.04268930000000001,-0.0051,0.022345714280902387,0.016081013805718858,0.0214,-0.26346121654581045,-0.07016558621843672,0.19737183442142234,0.1690927535450045,4782
1984-04-30,-0.09797058000000004,-0.0598,0.015979880812067755,0.010598114350208687,0.0152,-0.2522652936877803,-0.14843143806072645,0.18715179327486475,0.16039643103150533,4823
1984-05-31,-0.10809408000000004,0.0181,-0.0031218081120775072,0.008837312440019032,-0.0055,-0.35136811304773835,-0.16287400415384834,0.17883778348337684,0.16310235111065946,4886
1984-06-30,-0.20055549999999994,-0.0272,0.028635514862513232,0.03770206912401139,0.0278,-0.4842379179854576,-0.2711614382154203,0.18026710936264148,0.16010283559996397,4955
1984-07-31,-0.14097093999999996,0.1027,-0.0565327869333678,-0.040070307593036175,-0.0559999999999999,-0.4513952825641621,-0.21342009431114134,0.18153181693782292,0.1582816052082335,5014
1984-08-31,-0.16370073999999993,-0.008,0.03516318984915201,0.029166553995865194,0.0364,-0.46726150995360816,-0.21066035781508768,0.17981889738368817,0.15871948146724227,5066
1984-09-30,-0.08144587999999994,-0.0084,0.03172606268716128,0.045475249696276025,0.0329,-0.34036326186117993,-0.11814287575114761,0.17585811303972615,0.15691923350560424,5126
1984-10-31,-0.054225269999999944,-0.0177,0.01591109129945396,0.025952394512137777,0.0157,-0.2753351069124751,-0.08620351093946846,0.18209552647002508,0.15934791996621142,5161
1984-11-30,-0.08368903999999995,0.0184,0.01456458749136474,0.023033707264753657,0.0139999999999999,-0.4169021851219791,-0.11487963201125909,0.17614047080862666,0.16105754089163576,5235
1984-12-31,-0.08368903999999994,0.0797,-0.0694862262378058,-0.07068547208344711,-0.0677,-0.46086284415913925,-0.119774062827143,0.1764133714430146,0.15996179281804684,5250
1985-01-31,-0.04632263999999994,0.0121999999999999,0.018214354040874424,0.001503452880517106,0.0186,-0.4191001730731448,-0.06779875066848781,0.17483768741516356,0.17445256782742802,5277
1985-02-28,0.07614383999999995,-0.0083,0.017314371327199637,0.010608709321456213,0.0179,-0.23495421883546974,0.11872795154747942,0.17042879868618235,0.16274492859046652,5291
1985-03-31,0.08171393999999986,-0.0096,0.029958155142681603,0.03678873757633633,0.0295,-0.2604999825004174,0.11791136386587651,0.1567235332118785,0.1580432916811933,5302
1985-04-30,0.07848120999999986,0.0507,0.040859303642011416,0.03598840794110361,0.0406,-0.3022485525834436,0.11141559122970757,0.1617500493164646,0.15624633899725962,5317
1985-05-31,0.13176776999999987,0.0127,0.03327623119805101,0.03802019646408848,0.0339,-0.28126009683816094,0.182031284110878,0.1665461442112544,0.1567555553449454,5331
1985-06-30,0.16192601999999987,-0.0072,-0.03685220707504663,-0.025789746579803652,-0.0385,-0.2852158241820175,0.20924260443285386,0.16473743986111333,0.156189673154776,5323
1985-07-31,0.20211167999999985,-0.0101,0.017777964001945347,0.01457460275479382,0.0178,-0.2497334745767617,0.2740521399546148,0.170354803027531,0.15422185193534652,5302
1985-08-31,0.10360417999999984,-0.0451,0.01580001830059634,0.017325724325243624,0.0159,-0.3346396477568668,0.14718578134017246,0.16926460523033013,0.14699462094335966,5289
1985-09-30,0.10145291999999984,0.04,0.04769809652961977,0.051399807940452576,0.0486,-0.28807826920433643,0.1484484283202183,0.17890301305001005,0.1472261849371006,5268
1985-10-31,0.06297606999999984,0.0646,-0.005288186578775764,0.011510055049969908,-0.0058,-0.3141851940820318,0.1014369235289006,0.1899140134697185,0.1594103409937292,5266
1985-11-30,0.11900014999999986,0.0388,-0.0017924222786031355,0.00746820651772407,-0.0023,-0.2386380059473513,0.1724651982622212,0.19326447256810791,0.15994330151407674,5269
1985-12-31,0.16108924999999985,0.0065,0.029666698100145158,0.022867258803239154,0.0296,-0.20133238830416966,0.22277783053755884,0.19672709784461245,0.15848839465385473,5258
1986-01-31,0.12530174999999988,0.0713999999999999,0.02661247696888336,0.02646543047352696,0.0259,-0.36220282654978103,0.1766541800519885,0.2002275528320586,0.1566015818144934,5222
1986-02-28,0.11974269999999997,0.0491,0.024226919216911502,0.027388493705778325,0.024,-0.3263899395748763,0.16338985478148413,0.1985362806339808,0.1602275309743553,5202
1986-03-31,0.19398374999999987,-0.0128,-0.0046000363712550615,0.009066628606765543,-0.0034,-0.24273300982280938,0.27618048242074367,0.2247285986237944,0.1699047508876118,5206
1986-04-30,0.2500013799999999,0.0462,0.01945620074734046,0.023036035984064035,0.0209,-0.1661635975686449,0.38336838489518843,0.2329876375818252,0.18274517137066376,5191
1986-05-31,0.18930920999999987,0.0106,0.04978343266968341,0.036827240073094354,0.0495,-0.15042945079850595,0.2837958023227942,0.2263691686100899,0.1750249706212793,5187
1986-06-30,0.22067952999999987,-0.0643,0.01814029646852315,0.0072781246820887435,0.019,-0.13693152103485562,0.3374952865100136,0.2281177030514393,0.17501786447715362,5189
1986-07-31,0.23831924999999987,0.0607,-0.048717799375375334,-0.03649064488914043,-0.0516,-0.2720648362632007,0.3056906799721278,0.22313034048180985,0.16080362680337354,5182
1986-08-31,0.18036557999999986,-0.0859,-0.05733484230495947,-0.04437319833322212,-0.0569,-0.33998112594446184,0.235651102961236,0.23259512756177714,0.16049925119392427,5180
1986-09-30,0.2839652799999999,0.0464,0.027726862484615533,0.03426034748905739,0.0446,-0.2195964134321391,0.36091262402754964,0.24171932210544872,0.15282758015318798,5191
1986-10-31,0.15293301999999986,0.0116999999999999,-0.002185362851965921,0.00012000756064703627,-0.0025,-0.21600962643359056,0.2265203680839195,0.23729229330070525,0.14489708005331656,5199
1986-11-30,0.1369338399999998,-0.0326,0.004303258391252292,0.0020137597813214905,0.0046,-0.1870687711018605,0.19550964552859468,0.2325973829242783,0.12843734331094914,5195
1986-12-31,0.11140895999999972,0.1245,0.020719947135675376,-0.0030624977420120048,0.0206,-0.19043989522373556,0.14885522418649733,0.23177855301593658,0.12554715754720033,5171
1987-01-31,0.07148458999999971,0.0438,-0.02231035348928599,-0.022143074183783612,-0.0223,-0.24312005038319812,0.11315442109799173,0.23895671398216078,0.12923359226337422,5103
1987-02-28,0.11403781999999982,0.0163,0.016692388440839714,0.020063685866009033,0.0166,-0.18150900702542616,0.1839191166455531,0.22841778924818337,0.13876709482931507,5120
1987-03-31,0.10933644999999982,-0.0209,0.002350879257044209,0.021257641712135705,0.0021,-0.09482771933899559,0.16002632448036924,0.22779170071485674,0.12881766376453213,5164
1987-04-30,0.1381914299999998,0.0011,-0.008081056013932122,-0.0035328602624418925,-0.008,-0.07375153355985997,0.208660376040894,0.2351701300374525,0.13149732277074405,5218
1987-05-31,0.07310739999999982,0.0391,-0.0010341966540706252,-0.0040744016157226205,-0.0022,-0.031672021070134004,0.10433970477536095,0.22709468755919746,0.1284825510843377,5309
1987-06-30,0.06376948999999983,0.0384,0.026695963406478056,0.027876926824109118,0.0258,0.03416771090137327,0.08142957416251816,0.22413824026360696,0.11680248519342151,5383
1987-07-31,0.16925312999999984,0.0352,-0.009609996230070514,-0.005120414132106229,-0.0095,0.1732935167597452,0.2056788720774244,0.21668686294115327,0.12241234662137912,5422
1987-08-31,0.14926563999999984,-0.0258,0.008249233627485227,0.011151441148764967,0.008,0.16673520543020592,0.17560110302881574,0.19808608137189893,0.12694595157372152,5454
1987-09-30,0.2759534199999999,-0.2319,-0.07854014935506648,-0.06650373625914585,-0.0771999999999999,0.19584997670787058,0.3157968786228872,0.19027658576139692,0.11329432415396445,5493
1987-10-31,0.20557027999999986,-0.0776,-0.01165034993289818,0.015097381528136597,-0.0123,0.14916200173815514,0.22056563883767072,0.18815048693605807,0.11325560517701429,5546
1987-11-30,-0.09023341000000004,0.0682,0.05882142505347225,0.06616169209437443,0.0587,-0.1836329206416305,-0.11168012031159989,0.18497237209307238,0.11695964192577528,5587
1987-12-31,-0.14008055000000003,0.0421,-0.07527784133675086,-0.07657653809130491,-0.0736,-0.2424262797476946,-0.14788483393547788,0.18840999138469655,0.11908504635125572,5592
1988-01-31,-0.18527462000000006,0.0476999999999999,-0.013532035256252725,-0.015500375768699656,-0.0147,-0.20534743088054574,-0.20241857563187637,0.18449962629436475,0.11446830841881908,5617
1988-02-29,-0.18676234000000003,-0.0226,0.0068884442326025055,0.00781878161903381,0.0056,-0.3386280144742297,-0.24639106154721965,0.1917814579413333,0.12356434279402362,5651
1988-03-31,-0.15751475000000012,0.0056999999999999,0.021786890093096128,0.010930932159672961,0.0220999999999999,-0.254450913942326,-0.21111639557267925,0.19181793376300116,0.1186058345834092,5644
1988-04-30,-0.1592812200000001,-0.0027,0.00632118647091659,0.0036358187728008223,0.0066,-0.294019609129579,-0.2055954568247175,0.1979910779996495,0.11242945155972305,5681
1988-05-31,-0.1547345400000002,0.0478,-0.031064904425366607,-0.017761030663701077,-0.0302,-0.2785161255324706,-0.19748573284860904,0.20208680721250324,0.10805629185632984,5730
1988-06-30,-0.1948115700000002,-0.0125,0.00647396741275188,0.00039980982761676515,0.0065,-0.3048444329459522,-0.26253203796174196,0.20036803413612864,0.1077709631359898,5741
1988-07-31,-0.18627943000000022,-0.0331,0.00407770601778357,-0.0016561177016609606,0.0036,-0.23866475314625812,-0.2591108067274654,0.18897501521126725,0.11427466894116008,5775
1988-08-31,-0.23266745000000022,0.0331,0.003916114861596445,0.005650052973426002,0.0029,-0.32672248222243466,-0.3302760699380668,0.20213328563141725,0.12241922994059562,5807
1988-09-30,-0.24031823000000022,0.0116,0.012836225816250352,0.021937515149036087,0.0131,-0.35998853846446255,-0.3361635483085015,0.1991550336241349,0.11417215932501801,5790
1988-10-31,0.07576714999999976,-0.0227,0.001782067143409359,0.00842630699156844,0.002,0.08336454791628356,0.0737723684117518,0.10554624055467984,0.09394775626688093,5751
1988-11-30,0.17051198999999975,0.0148,0.002398182639354998,0.017427681451483136,0.0032,0.12831240245563846,0.1560596632675297,0.10117663927012718,0.08729075399843436,5741
1988-12-31,0.08414330999999976,0.0607,-0.0013118754765045482,-0.003081599250836231,-0.002,-0.07819707662250774,0.08319285160209874,0.10739698304282086,0.09673328736951056,5699
1989-01-31,0.05842552999999977,-0.0223,0.010396071477742484,0.006915436983943192,0.0101,0.05048039654847769,0.06425789962339677,0.10548911743944137,0.09100358607904693,5658
1989-02-28,0.06990189999999985,0.0157,0.035149040829411296,0.035775844274357045,0.035,-0.02448771158238494,0.07350196663171221,0.10858136316886283,0.09258946555006606,5640
1989-03-31,0.07025195999999986,0.0435,0.01675365905690363,0.01562443301291716,0.018,-0.032343696944749034,0.07143764627324684,0.10762020924947338,0.09026598873113126,5626
1989-04-30,0.07995898999999995,0.0327999999999999,0.014148475930687417,0.005553637030431435,0.0146,-0.03213781711723651,0.07130884784928362,0.10898751876446133,0.09117489997925823,5617
1989-05-31,0.12396880999999994,-0.0133,0.006534027640369993,0.007290149294592406,0.0044,0.014069595190219109,0.1162822539901735,0.11105547832567522,0.09310472795514349,5616
1989-06-30,0.11015290999999984,0.0718,0.0535087349801637,0.04282112083396008,0.0532,-0.043139082097577885,0.10359011952359123,0.10994192060106747,0.09374430611298264,5605
1989-07-31,0.10936294999999983,0.0143,-0.004014058149927641,0.011052695292038107,-0.0046999999999999,-0.05069463220526971,0.1048867837805349,0.1079400321500151,0.09435285364179036,5587
1989-08-31,0.20950542999999983,-0.0076,0.034955730001336976,0.018920986652711955,0.0349,0.009423894643141528,0.18600470618557655,0.10990829006899655,0.0921858818305457,5580
1989-09-30,0.19169594999999984,-0.0365,0.015205618823625165,0.009020764503829472,0.0136,0.03653469392680042,0.1806851517852991,0.10772151349406231,0.0943020248659977,5570
1989-10-31,0.17269290999999984,0.0104,0.026671293941388282,0.033314642346329026,0.0268,0.009621086466700013,0.159769164782555,0.10339451219272211,0.09396572898259092,5546
1989-11-30,0.15819475999999982,0.0118,0.028330173201042405,0.02727768202929663,0.0277,-0.030622788787459054,0.13624485765930752,0.10568823067114849,0.0926267411530656,5540
1989-12-31,0.15392711999999986,-0.078,-0.02994231068651347,-0.01956468077603632,-0.03,-0.08531855033376412,0.120081951560249,0.10372165919180384,0.09515175087310151,5518
1990-01-31,0.10883423999999983,0.0112,-0.003477006891584325,0.001805166058136888,-0.0051,-0.1611181907947321,0.0840893874997396,0.10376135850728502,0.09311447891076785,5494
1990-02-28,0.04785609999999983,0.0183,0.02037917789710198,0.012674922773129052,0.0173,-0.1802040605692694,0.0404355592972495,0.10066591452245671,0.09374247680355777,5465
1990-03-31,0.04351849999999983,-0.0336,0.02359470003360757,0.007589892397005811,0.0231,-0.15777268027729907,0.039618260416761794,0.09956278335612725,0.09518654963733687,5457
1990-04-30,0.020050189999999836,0.0843,0.031952751942608756,0.028486810990141505,0.0312,-0.09176375832361316,0.01694858627933477,0.09831017999141528,0.09354844439735638,5453
1990-05-31,-0.04591197000000007,-0.0109,0.023851569779075293,0.0267203467558219,0.0250999999999999,-0.10661870084453384,-0.03913465051747658,0.0974082836513595,0.09563094258959959,5439
1990-06-30,0.04409075999999992,-0.019,0.06317320252129233,0.04433055862950842,0.0604,0.021836673742585577,0.032097111581295946,0.10073409711736911,0.09818812961267635,5426
1990-07-31,-0.03300154000000008,-0.1012,0.018352149815585916,0.006930926738094215,0.0196,-0.004290472738376017,-0.021766388875951746,0.0931116759148741,0.09203022702646432,5402
1990-08-31,-0.06622303000000007,-0.0611,0.05775840737295959,0.04597174392267289,0.0576,-0.051563015893755004,-0.046899832285881675,0.08758354129329987,0.09280163581648138,5377
1990-09-30,-0.16938819000000008,-0.0192,0.06649815910083844,0.05049644488297439,0.0670999999999999,-0.16493192005613982,-0.11511092082456373,0.08732066601604907,0.09217865133244166,5357
1990-10-31,-0.19627075000000005,0.0635,-0.05371849141386384,-0.04172430287430696,-0.0546,-0.1840966430135304,-0.12420185247786997,0.0883772313987656,0.09286984802473384,5371
1990-11-30,-0.2259289100000001,0.0246,0.0028107178474880007,0.01568259000389976,0.0024,-0.20499803830155316,-0.12027951830210076,0.08633964605145053,0.09067744014054768,5379
1990-12-31,-0.17841189000000007,0.0469,-0.06475431816057836,-0.06634727049344263,-0.0645,-0.15578587903458985,-0.10572030918923847,0.08546867828527785,0.09170254942600221,5371
1991-01-31,-0.07092525000000004,0.0719,-0.049495221348136845,-0.06212434999237168,-0.049,-0.07042983120778279,-0.039321672224546834,0.08438919584492324,0.07903568943540248,5359
1991-02-28,-0.03747946000000005,0.0266,0.02784861958307639,0.021186387008532315,0.0274,-0.005572965029291166,-0.02169380922024304,0.0845315929397483,0.07818977811612207,5359
1991-03-31,0.011057819999999961,-0.0028,-0.02287030415940617,-0.025313025961632762,-0.0233,0.00888568426994446,0.006843349455020931,0.08385136797414539,0.07938130747266964,5378
1991-04-30,0.07133033999999996,0.0366,-0.0025425174267082393,0.005767675276365278,-0.001,0.039828266965042325,0.044350666698486335,0.08292436810203196,0.07699132130872456,5368
1991-05-31,-0.008082930000000023,-0.0494,0.004605509420982742,0.0023124314492112483,0.0042,-0.04585825535797411,-0.0051797034665711245,0.08939833060845251,0.08071902228144102,5368
1991-06-30,0.037955629999999976,0.0424,0.04192090722374137,0.025124900402843556,0.0426,0.03022803797716228,0.026176483065470144,0.09198738237775042,0.07985743840437864,5376
1991-07-31,0.0055545499999999845,0.0232,0.015625929158534807,0.0063667294312287,0.0158,0.009297463707158893,0.004171810223808975,0.0955022057645045,0.08391876108997709,5380
1991-08-31,0.15672254999999996,-0.0159,0.017263102886598037,0.023345964963533652,0.0174,0.13769608312854364,0.10562644399990025,0.10473139868116982,0.08678616934708702,5343
1991-09-30,0.24374419999999997,0.0129,0.032387605245003566,0.02683090802985698,0.0318,0.23873582831664536,0.16161823133780165,0.10589633061808304,0.0941456494142275,5331
1991-10-31,0.24710261,-0.042,0.011778943670170842,-0.002692292390007789,0.0118,0.2604896006441386,0.17588975185275454,0.10685887627869883,0.09705670327571075,5324
1991-11-30,0.20067621999999996,0.1085,0.07988237820030672,0.07747909363002195,0.0827,0.16985024877213123,0.15563007170293935,0.11325399653093027,0.10247987207119602,5316
1991-12-31,0.13322877999999996,-0.0059,-0.024388181231684798,-0.06690087308963204,-0.0249,0.09084408513258002,0.09751629236804751,0.11112344367930826,0.10361404685212078,5300
1992-01-31,0.18508771999999996,0.0108,-0.009535264302893504,-0.024847249738790093,-0.0069,0.04939143536677865,0.13822748229769222,0.11034033114438568,0.1101365588364094,5269
1992-02-29,0.11278769999999996,-0.0265,-0.0021841357727791708,-0.007067581079714093,-0.0024,0.08655119262033795,0.09001624728704347,0.11105122412229257,0.11309459332172198,5273
1992-03-31,0.09766541999999996,0.0109,-0.025293665316964125,-0.011458354937327657,-0.0250999999999999,0.09753580669837869,0.0779951447631225,0.10942030194295743,0.11348645690156658,5273
1992-04-30,0.07334626999999996,0.003,0.0002495649163041236,-0.005099874584911254,0.0007,0.07599250606488772,0.056472912004412845,0.11240866635950128,0.11126718305442103,5278
1992-05-31,0.04900415999999996,-0.0233,-0.00563370468576356,0.008939114053608012,-0.0056999999999999,-0.03376059836635714,0.040757619207802485,0.10932439677751277,0.11337193287717688,5296
1992-06-30,0.10361963999999996,0.0378,0.016010766161885934,0.014990453816992596,0.0153,-0.0057676303689710995,0.09863673326078604,0.11228011262899854,0.11367438909709676,5286
1992-07-31,0.03945682999999996,-0.0237999999999999,-0.0034783832803124,-0.0028419821134581316,-0.0049,-0.09851318660430208,0.03370050408967732,0.10533450090426183,0.10837211807476392,5274
1992-08-31,0.053155769999999956,0.0118999999999999,0.014151261140254345,0.010571189824222584,0.0141,-0.13351636690914076,0.047160302054460326,0.10302669454494823,0.11208082727415955,5245
1992-09-30,0.04493088000000006,0.0102,0.027040918975983878,0.018530989924053536,0.0259,-0.1586684955095214,0.043516131291560414,0.10631708347654689,0.11904128180936688,5254
1992-10-31,0.04397891999999996,0.0414,-0.0008129016228309582,0.003333317312914419,-0.0023,-0.15890770893834044,0.04167703386352173,0.10067193269411137,0.11882839811725024,5270
1992-11-30,0.09765161999999997,0.0153,0.04406297585222555,0.03410656697378718,0.0446,-0.037642563495924486,0.09101330729642394,0.10593970562601998,0.12210664962005438,5274
1992-12-31,0.040926989999999976,0.0093,0.04945666266253504,0.022995776826389265,0.0484,-0.017253103187704844,0.036849077586711056,0.10993801203094794,0.12349599898676832,5301
1993-01-31,0.06186480999999998,0.0012,0.032239593059961755,0.02206385797108996,0.0312,-0.11021392522454604,0.053999029317847794,0.0764282058480876,0.12454008300212346,5318
1993-02-28,0.060403809999999974,0.0232,0.03768239671081029,0.03481452985577413,0.0372,-0.13572534578012163,0.04907298352133646,0.07042973015141674,0.11972587569686122,5372
1993-03-31,0.08871187999999998,-0.0305,0.003320001517531035,0.00033967625449068256,0.0036,-0.1566290715777668,0.07460765285535473,0.07280471183867143,0.1191724902736156,5402
1993-04-30,0.10056932999999997,0.0289,0.0023225520625392224,-0.005636370599663557,0.002,-0.10872459291885467,0.08644701660280625,0.07435932150580743,0.12056389076624291,5416
1993-05-31,0.06622967999999997,0.003,0.04640166763362698,0.03431244016815604,0.0455,-0.11074520103126956,0.06104461911983332,0.0758294277467727,0.11955540513902335,5452
1993-06-30,0.11799921999999997,-0.0034,0.03273370686740379,0.023652709521977754,0.0323,-0.0032515003480841354,0.11197765513260285,0.08066773950671718,0.12690270280947272,5479
1993-07-31,0.08472873999999997,0.0372,0.025445624267250666,0.027108672048730978,0.0259,-0.021818843182967007,0.07328685928716601,0.08042795655404811,0.12559960410365048,5489
1993-08-31,0.10562989999999987,-0.0012,0.03508843736822667,0.03736327999247012,0.0344,-0.0036238043046546986,0.08256439402716799,0.08511515519006096,0.13023330132496613,5490
1993-09-30,0.12962560999999997,0.0141999999999999,-0.027440318007813463,-0.020398181056618968,-0.0269,0.02601628521487992,0.1031340468650563,0.08439504001226306,0.13229751457800998,5521
1993-10-31,0.11835478999999997,-0.0187,-0.04874527991113097,-0.03044049525690727,-0.048,-0.030117170869493837,0.12614402063421298,0.13911452844954147,0.16791019236157573,5536
1993-11-30,0.09273108999999986,0.0165,0.022959019789376908,0.026481329216575006,0.0236,-0.07218447851656018,0.10581422568839542,0.14375765326405554,0.17502957282303433,5588
1993-12-31,0.058705079999999875,0.0287,-0.0031029173660229656,-0.014360130297408805,0.001,-0.03406485305587259,0.0827396176763552,0.13306954282611205,0.18132826204970406,5592
1994-01-31,0.06570275999999987,-0.0255,-0.004089661979838373,-0.0029596717542814763,-0.0038,-0.014080138296316214,0.08703832011800183,0.131040107282343,0.18247578951421664,5604
1994-02-28,0.09231139999999988,-0.0479,-0.013327508346389079,-0.015197383290712178,-0.0131,0.10722142864154471,0.14259450077472657,0.13380601894629784,0.18339186972307303,5650
1994-03-31,0.04361093999999987,0.0068,0.004139654824865315,0.01978863079934579,0.0034,0.14738305141790026,0.061773827451882354,0.12811246942467297,0.18950429581696548,5681
1994-04-30,0.02490290999999987,0.0058,-0.020788081624754318,-0.012825676020171987,-0.0207,0.16312293280899326,0.03742438689736409,0.13453080254307842,0.19372607659179264,5717
1994-05-31,0.003637099999999862,-0.0304,-0.009790344867181652,-0.0013111852033512658,-0.0088,0.0727801668189274,0.0056508591922259845,0.1310182076203802,0.19705421128979397,5757
1994-06-30,0.006401399999999862,0.0282,0.002437915909798395,0.0031797009158063723,0.0012,0.11815126699864559,0.009257161655016378,0.12201876629030883,0.18348994522078726,5796
1994-07-31,-0.021425120000000138,0.0401999999999999,0.01625135317497143,0.009361468528174897,0.0154,0.09906953895517201,-0.03317723414513402,0.140650875263424,0.1875000225025586,5828
1994-08-31,-0.029822480000000134,-0.0227999999999999,0.014284918836986285,0.014242841015311716,0.0131,0.0877647544783004,-0.04590571063741734,0.14791207823897384,0.19279489749969786,5861
1994-09-30,0.009811059999999774,0.0135,0.013026616271595508,0.013456329688813063,0.0143,0.12498923666423722,0.01582131269043754,0.14939604518682154,0.1956211365644165,5897
1994-10-31,-0.027391540000000027,-0.0403,-0.0012894668228300085,0.004324368838570375,-0.0015,0.07576737491431007,-0.04240731324134031,0.14578224114819033,0.18733705652988697,5966
1994-11-30,0.0048778499999999805,0.0086,0.03494901268708847,0.03355038924355584,0.0346,0.010305079601679146,0.007262290378928346,0.14496619112142278,0.18174987488242517,6054
1994-12-31,-0.053086930000000025,0.018,-0.01854750408528228,-0.038981949283477035,-0.0181,-0.005773485430816017,-0.08330404684748793,0.1416444799011446,0.18304726561977142,6083
1995-01-31,-0.07240329000000002,0.0363,-0.004853050462619524,0.004389368550729175,-0.0043,-0.03400436066047968,-0.10095466907082895,0.1271448496491676,0.18120706914906354,6097
1995-02-28,-0.028706190000000027,0.0219,0.004290566497248502,0.009406022662156982,0.0043,-0.06845755491658895,-0.043610815614941026,0.12241442449647266,0.18176961977457634,6133
1995-03-31,0.05619599999999997,0.0210999999999999,0.018312793954792198,0.006782073093984035,0.0179,-0.002974476237637136,0.08554981117447993,0.12055283259724103,0.16320922758111023,6154
1995-04-30,0.07078024999999996,0.0289999999999999,-0.0043224301002722405,-0.007779291731443115,-0.0054,0.048762414216236505,0.09969176125586984,0.12671768868255173,0.1611317955309013,6192
1995-05-31,0.08559439999999988,0.0272,0.029955496398335307,0.022622496775833653,0.0302,-0.011291980470802432,0.12328191152751647,0.1236651999539855,0.16793198977338836,6217
1995-06-30,0.14482671999999977,0.0371,0.025252607838716537,0.025416787034120855,0.0254,0.06746053716538764,0.2172019339484878,0.13550077790450488,0.16256998751753182,6210
1995-07-31,0.14383323999999978,0.0055,0.0003776342818489313,0.008040182002031798,0.0014,0.08889727319377622,0.23582494563865541,0.1348959765683534,0.19637937360333918,6211
1995-08-31,0.14095465999999987,0.0336,0.027439150258326994,0.020852978526773376,0.0287,0.07947608343214374,0.24284983644292601,0.1493496985257518,0.19042976883938906,6218
1995-09-30,0.16963403999999976,-0.0151,0.040451810164380056,0.030001438618288676,0.0418,0.11406327707239078,0.26674384239531573,0.1517434306190787,0.19239811581730293,6227
1995-10-31,0.18869414999999978,0.0395999999999999,-0.005391223431996904,0.0066296019207751945,-0.0072,0.11123988810935825,0.29347762313500064,0.15347229813664554,0.19538141380634955,6243
1995-11-30,0.21521208999999977,0.0104,0.02526364929684327,0.02335005278533436,0.025,0.06119925784909552,0.2755522628055751,0.1433224150308986,0.1748094556871098,6251
1995-12-31,0.24458940999999967,0.0226,0.006851577466773841,-0.015552385288976912,0.0055,-0.003310929735782342,0.32368234356040465,0.1523120422762434,0.18228278752970634,6245
1996-01-31,0.2372298899999997,0.0133,0.006489398682772488,0.0002051366125176285,0.0056999999999999,0.004442682314240443,0.36178624218161776,0.15571241150420234,0.19582383881403626,6248
1996-02-29,0.2243848399999997,0.0074,-0.018705751134539712,-0.006132822430838396,-0.0185,-0.029344071567642682,0.34184428366168107,0.1580936589347266,0.19474835151459097,6237
1996-03-31,0.21613642999999969,0.0206,-0.00994105089042021,-0.0003998789734645583,-0.0096,0.0037674550470231938,0.30117202242133256,0.15102222017086198,0.19851872020907327,6252
1996-04-30,0.20289085999999978,0.0236,0.016191159282312927,0.017526972565306977,0.016,2.1276023005389888e-05,0.30295673434158044,0.15449924573525298,0.20750156648045368,6264
1996-05-31,0.19496933999999988,-0.0113,0.009262177846429891,-0.0014888724329434888,0.01,0.040180787846275545,0.32351894057357505,0.13465241925151683,0.19762119696964642,6295
1996-06-30,0.19158093999999987,-0.0596,-0.0008028629098450202,0.0009320646511387642,-0.0015,0.042170831769178685,0.30202554242623825,0.14790399060633408,0.20217863140080714,6324
1996-07-31,0.14464180999999984,0.0277,-0.0007869459150043126,0.012166300055401064,-0.0001,-0.13629580716803175,0.20245233415962335,0.14109173985852763,0.2033315539989498,6360
1996-08-31,0.07631394999999988,0.0501,0.02649403389368496,0.023880715327986506,0.0266,-0.23461998783129878,0.11911583823303931,0.15268800303027874,0.22973350065704098,6361
1996-09-30,0.07080652999999987,0.0087,0.03664762907456561,0.02853857622352003,0.0379,-0.16573787709575283,0.09588109269404155,0.1480618692833987,0.19201417850320432,6394
1996-10-31,0.13343311999999988,0.0625,-0.024151000644165484,-0.01821707705066862,-0.0233999999999999,-0.013783174125381326,0.18405699642495674,0.1776775672562957,0.18294670305354419,6442
1996-11-30,0.10415536999999997,-0.017,0.004496263846735266,0.027263254589769553,0.0058,-0.11437982328466428,0.1320278364900022,0.17155733779359505,0.16937394667671035,6495
1996-12-31,0.15225198999999998,0.0496,0.017902939030903765,-0.017870458582444702,0.0192,-0.0732783056045323,0.20780139888647864,0.1693866040738835,0.16547801227769174,6499
1997-01-31,0.11304912999999996,-0.0048,-0.02033899210220121,-0.016110591891809634,-0.0208,-0.06518130508023179,0.12737275357833122,0.1396430892751931,0.1493634910909975,6507
1997-02-28,0.14689452999999997,-0.0501999999999999,0.008601275304241845,0.016206639463946126,0.009,-0.07733919200155992,0.1587681766739794,0.10461572624328463,0.14300123042834442,6549
1997-03-31,0.13477382999999998,0.0404,0.04907355070017459,0.032379131691940954,0.0484,-0.12214010633543798,0.1395285858756853,0.09675136177732957,0.14523481202706576,6584
1997-04-30,0.06218877000000009,0.0673,-0.05358097753399285,-0.03120612798734851,-0.052,-0.2592970211936296,0.06007373817668357,0.10729602014091266,0.13927235788234252,6651
1997-05-31,0.07783897000000009,0.0409999999999999,0.024645651694741685,0.02661995028062336,0.026,-0.27344969273858816,0.061057941446611794,0.09060280558249978,0.1270193335947232,6708
1997-06-30,0.15166240000000009,0.0731,0.03728088385804455,0.04365767505560658,0.0369,-0.14256242798240182,0.15236409494965053,0.14325664503644064,0.1350024388040393,6750
1997-07-31,0.25371366,-0.0409999999999999,-0.026020232969922723,-0.009798056600109198,-0.0264,-0.05452253281809244,0.2580500084384515,0.14302854239217266,0.12137200914404461,6773
1997-08-31,0.29433657999999996,0.0533999999999999,0.015151447655858102,0.01735204132288712,0.0148,-0.07861243927592293,0.32381020543368044,0.15233058399037658,0.13765241521149732,6762
1997-09-30,0.20445413000000012,-0.038,-0.0045242772477121565,3.639885063805304e-05,-0.0054,-0.11063135160709942,0.2317325223679819,0.1458612355787604,0.14352225661458742,6799
1997-10-31,0.24617984,0.0299,0.0035273244755283806,0.01758861136472359,0.0042,-0.004872332313647809,0.2851012316260937,0.14031297709612367,0.1431276580197544,6840
1997-11-30,0.14855794,0.0133,0.03958166861848457,0.07360590660459775,0.0393,-0.1539485485860429,0.1337400138135877,0.10200116394308945,0.12490001284113594,6851
1997-12-31,0.19465812000000002,0.0015,0.001214388826470758,-0.028691516802704615,0.0008,-0.16372807721759092,0.11985262344392716,0.023862024124700287,0.10957328263308971,6849
1998-01-31,0.16080075,0.0703,-0.011637790830789224,-0.003192750402746289,-0.0118999999999999,-0.2895645452003501,0.1444077202387593,0.1381613406656257,0.1270832704593681,6808
1998-02-28,0.16709637,0.0475999999999999,0.02091369269636985,0.01101187836292676,0.0214,-0.2228658119041001,0.17428242060904447,0.16059682603017622,0.14089556179686277,6789
1998-03-31,0.2846842899999999,0.0074,0.006706447894533148,-0.008671642597765684,0.0068,-0.07955516920170291,0.29058208174651384,0.15123614721210032,0.12651652661525215,6771
1998-04-30,0.2912387699999998,-0.0306999999999999,0.017513000420663297,0.007478749384978778,0.0197,-0.07556800935475144,0.2961700343465057,0.11928797991928064,0.13699635446901706,6731
1998-05-31,0.2361112499999998,0.0319,0.07256207969599111,0.07587959083048149,0.0805,-0.098206606686436,0.24554588544258882,0.17383467379134177,0.12489562923788664,6734
1998-06-30,0.16542426,-0.0242,0.035086138588769133,0.02869564000622077,0.0379,-0.13667883025504152,0.14832154366649364,0.1513504283555721,0.11612313430800175,6741
1998-07-31,0.1287338,-0.1605,0.01858609164998362,0.02611527849439066,0.0187,-0.18310361653517382,0.11483627104393579,0.1349821854756026,0.12981541286170906,6702
1998-08-31,0.14655785999999987,0.0619,-0.005510126093444173,0.008147061960012206,-0.0069,-0.1709975251880798,0.08855717307557663,0.09600037020080388,0.11538993715467041,6672
1998-09-30,-0.08932572000000005,0.0698,-0.05308186849633339,-0.05678352651106066,-0.0533999999999999,-0.3057264624364258,-0.05380787628532091,0.1178013239625817,0.11133147296642815,6681
1998-10-31,0.007742329999999957,0.0607,0.01125137752142992,-0.0002684183807311197,0.0113999999999999,-0.280265469939746,0.0063249532785454535,0.16447803058258337,0.12249072721582352,6672
1998-11-30,0.04355754999999996,0.0615,0.08911266904347545,0.07597104187728407,0.0888,-0.2103656620727693,0.03583828482427594,0.15062167005253613,0.11583254883913685,6618
1998-12-31,0.08732561999999996,0.0348,0.027635690016365396,-0.011397102178146892,0.0285,-0.08458584330810609,0.07273998478621618,0.1476881373410317,0.11637094042907892,6589
1999-01-31,0.14331836999999994,-0.0408,-0.0007269593298267624,-0.013649601699752635,-0.0008,-0.06058774668189404,0.10994077169914543,0.15318800802733523,0.11363575379931723,6540
1999-02-28,0.11170178999999995,0.0348,-0.012248396520177483,-0.008811589733397789,-0.0121,-0.06442403374697375,0.08911296538130654,0.16956819086219221,0.11114645758446778,6516
1999-03-31,0.024231350000000033,0.0434,-0.0886232342819418,-0.0581834802722605,-0.0892,-0.07482464935329775,0.017060451182977984,0.15579365639386378,0.09561545222597664,6502
1999-04-30,0.05035725000000004,-0.0246,-0.05310196220001239,-0.043008846345006735,-0.0528,-0.09898803744095919,0.03527151348318712,0.1516575498277466,0.09129271180640214,6461
1999-05-31,0.12323279999999995,0.0476999999999999,0.04574777073898818,0.0313301799937162,0.0466,-0.010936497027332626,0.09887239090390157,0.1604650100442897,0.0943439302571111,6450
1999-06-30,0.06735967999999994,-0.0349,0.01589306136251977,0.009536777035988505,0.017,0.005275990441908129,0.049590268847410315,0.15258716184988896,0.08984740255829252,6441
1999-07-31,0.13728242999999984,-0.0137,0.029425511897358488,0.033218784800534126,0.0293,0.07094478742182281,0.10203977295093372,0.16645749504375323,0.08164808495791534,6392
1999-08-31,0.28686713999999985,-0.0277,0.06385828664516109,0.05742887743471494,0.064,0.3197186499059433,0.2102038425059991,0.10918576694023974,0.12023841560812931,6323
1999-09-30,0.21524922999999987,0.0608999999999999,0.05586029464941734,0.055611603551641575,0.0541,0.21243393956427425,0.1648772061141267,0.13162548316439532,0.11880261689847083,6256
1999-10-31,0.12218536999999988,0.0341,0.0545416594019725,0.05510537348628502,0.055,0.13892661377219212,0.10555008109976478,0.13851521352989976,0.14798501358966804,6198
1999-11-30,0.12231170999999978,0.0766,0.1311886004856528,0.0946038277002888,0.1315,0.0902736570555629,0.10980155666559005,0.14907740887340554,0.15502487490294928,6160
1999-12-31,0.09764208999999979,-0.0474,0.019366233303402855,0.00950662035564636,0.0184,0.1812201642043219,0.08461466289575137,0.13024159510867395,0.1684504466932107,6090
2000-01-31,0.1345703299999998,0.0246,0.18203593291721396,0.1922498295001529,0.1805,0.20904775312433954,0.10916395381123861,0.11830674441375827,0.17328351656997712,6059
2000-02-29,0.1274397499999998,0.0521,-0.06100715049696514,-0.07323376023316325,-0.0686,0.23544297434257527,0.1116328893549188,0.11512775021775534,0.20209675843776162,6034
2000-03-31,0.11788948999999979,-0.0639,-0.08652674132108618,-0.07218702623989848,-0.0859,0.27931491210193843,0.09165512502636441,0.11946066303533598,0.20426252594922256,6020
2000-04-30,0.12567434999999982,-0.0438999999999999,-0.08908134531200629,-0.05316343614000157,-0.0892999999999999,0.23722715584720028,0.09841184792562568,0.12371303499453817,0.19006001811066459,5997
2000-05-31,0.08310659999999978,0.0467999999999999,0.1650987304595768,0.1447007686573557,0.1664,0.18726989931089272,0.06247898114408246,0.12565625590928658,0.18456821585278257,6005
2000-06-30,-0.007735020000000016,-0.0248,-0.0008843894900493893,-0.03278456860961125,-0.0018,0.15171450335580494,-0.006139839565258459,0.11228317603245846,0.19749884350613434,6022
2000-07-31,0.07267292999999989,0.0703,0.05423798480428632,0.0625640129660217,0.0561,0.15570106771947478,0.05130202146906315,0.11989224718290309,0.18500720142443106,5990
2000-08-31,0.06121118999999989,-0.0544,0.021892121371786026,0.02955959332407125,0.0189,0.1570167995821805,0.04520788522746181,0.11983690165956817,0.1726277360802733,5982
2000-09-30,0.15457685999999987,-0.0278,-0.043875777677396546,-0.018419706683173137,-0.0451,0.15789165724747378,0.10449622072758995,0.10967827776338274,0.16000542927005,5977
2000-10-31,0.04054125999999998,-0.107,-0.020280064024275096,-0.01755221098405868,-0.0218,0.09153030746978374,0.02464308386777423,0.10131485281375219,0.15435970538598318,5969
2000-11-30,-0.020690330000000014,0.0118,0.06668414529704762,0.08371551301268704,0.0662,-0.013158442712414897,-0.013899658631698519,0.10044391001152997,0.1613009684641172,5939
2000-12-31,-0.20898903000000002,0.0325,-0.25400488931667886,-0.31314067432873793,-0.2536,-0.2987110498484351,-0.17026938688137852,0.14614920891259753,0.20166114921820336,5872
2001-01-31,-0.14793485,-0.1003,0.12856685891829397,0.10468757812321457,0.1268,-0.2774269442138772,-0.10415197645742463,0.12480771577232469,0.19061472857718814,5846
2001-02-28,-0.14055566000000003,-0.0725,0.0880722388866726,0.10615578624642327,0.0858,-0.3495103966260897,-0.10452096230473491,0.10485053328737548,0.17697008179432938,5831
2001-03-31,-0.29967533,0.0793,-0.07916272904228941,-0.07542653776823675,-0.0796,-0.40482330753313855,-0.18051604220269404,0.08645147008225962,0.14639254783959282,5832
2001-04-30,-0.30943781,0.0068,0.02306313296839256,0.013883969651979439,0.0243,-0.4340322456726464,-0.22063000970893393,0.12467337079014507,0.15769133234358843,5799
2001-05-31,-0.19112786000000015,-0.0194,0.004274239430154649,0.024697201329700963,0.0060999999999999,-0.39112513568432344,-0.17720924602680305,0.14347850834959663,0.18710462305778908,5755
2001-06-30,-0.22881842000000005,-0.0213,0.0537041213416826,0.08189816564921495,0.0547,-0.4389968088965255,-0.20264470327394662,0.15372617487096102,0.1870519811710861,5741
2001-07-31,-0.22324446000000003,-0.064,0.055557233192710206,0.056832838256218335,0.0549,-0.426607674272098,-0.21465080026821376,0.17725571148654623,0.1848908269712059,5736
2001-08-31,-0.30994066000000003,-0.0924,0.11403664435984182,0.11405655795252875,0.114,-0.5013461333941445,-0.2947705915670999,0.17845930279132616,0.1854632030675126,5697
2001-09-30,-0.32075634000000003,0.0248,-0.08130586791920667,-0.08732601166021517,-0.084,-0.4245300588921421,-0.3303204968773844,0.20251977627488316,0.2035690579302564,5643
2001-10-31,-0.3930182200000001,0.0753,-0.08600952633575315,-0.07411747279260966,-0.0862,-0.5853404978961879,-0.3904722079459968,0.21076734912240608,0.21145697351338327,5619
2001-11-30,-0.25098452000000004,0.0161,5.272441914895565e-05,-0.01395338097040448,0.0005,-0.41004506108275335,-0.3637151855543172,0.2611151281529265,0.2735210948251904,5587
2001-12-31,-0.19308438000000008,-0.0144,0.03589009452736361,0.035942673132478925,0.0366,-0.31114117384330126,-0.2770131884042203,0.25807649694849044,0.2612386456343336,5516
2002-01-31,-0.2085359900000001,-0.023,0.06890737044509564,0.07236166030575186,0.0688,-0.5303678033553003,-0.36365856255306106,0.2743115874467457,0.2845170036596798,5475
2002-02-28,-0.11314424000000008,0.0424,-0.01787925468984501,-0.029299568313605126,-0.0166,-0.3531208211054021,-0.21911044410793196,0.32177164698300664,0.30985595668244625,5443
2002-03-31,-0.05919159000000007,-0.0521,0.07878046736000284,0.06924653764368557,0.0769,-0.35806675902031043,-0.13451295182377732,0.34293616947783406,0.3346178933087222,5399
2002-04-30,-0.09134671000000004,-0.0136,0.031999617141325556,0.04566741419681693,0.0312,-0.47055180569215277,-0.22572799432834414,0.35268910774326656,0.3230178976984354,5362
2002-05-31,-0.15281497000000005,-0.0723,0.06400886228648897,0.09427303564856379,0.0622,-0.514907915412296,-0.34347481630731913,0.3515179909447857,0.3253139019794587,5334
2002-06-30,-0.14685885000000007,-0.0819,0.03610380163101516,0.040957529253314195,0.0365,-0.5283345828443702,-0.3050336075488092,0.36573371441220587,0.2983617282290141,5297
2002-07-31,-0.20260236000000004,0.005,0.01806691178169982,0.013511220418431714,0.0184,-0.6011475479036659,-0.45841831776843744,0.38430361846446864,0.30449259396771855,5271
2002-08-31,-0.22318952000000003,-0.1033999999999999,0.09068836903120642,0.09573081772167989,0.09,-0.5812124208519227,-0.48632625257738094,0.39302913333244804,0.309770020590716,5232
2002-09-30,-0.11754248000000003,0.0784,-0.05326232447885317,-0.03393511004048963,-0.0547,-0.3803522716658957,-0.279785370387743,0.41414755086550153,0.3032435561668823,5182
2002-10-31,-0.2556196799999999,0.0596,-0.16251670049305683,-0.18771097363164127,-0.1644999999999999,-0.6346638419040878,-0.5630210922912386,0.41358235078819494,0.34494713303873364,5164
2002-11-30,-0.2529778999999999,-0.0576,0.09611997141191807,0.10101802757148072,0.0971,-0.674430526718967,-0.5934033799949119,0.43035501883053584,0.38710749739495304,5129
2002-12-31,-0.2128182199999999,-0.0256999999999999,0.015079845582597756,0.0018505584907200301,0.0153,-0.5764755764128993,-0.5803220893777048,0.43078930341092103,0.3712401672389952,5099
2003-01-31,-0.2590854199999999,-0.0187999999999999,0.01151836652677267,0.026899292940111792,0.0121,-0.649297526407514,-0.6589789944429064,0.44343564045803635,0.3659268248308323,5065
2003-02-28,-0.2619211099999998,0.0109,0.01453598218681667,0.013556289555828847,0.0141999999999999,-0.5775549407180116,-0.6363832223478121,0.46654173111151487,0.3720826640524925,5029
2003-03-31,-0.3216047499999997,0.0818,-0.09446217558977188,-0.08259458100458933,-0.0932,-0.6492666353373091,-0.835387991675516,0.4687388212197552,0.3968937161817787,4988
2003-04-30,-0.2560981999999997,0.0605,-0.1073131247553294,-0.12447676194528723,-0.1072,-0.5375140477253723,-0.7120682017891015,0.504770470493451,0.43151361568991736,4947
2003-05-31,-0.1673053199999997,0.0141999999999999,-0.01255318690566658,-0.02295973297451974,-0.0124,-0.3592428201321507,-0.5734054607148583,0.5269031177510355,0.48076829458085285,4926
2003-06-30,-0.03308671999999971,0.0233,-0.0020934964382365584,-0.0011647084789740414,-0.0028,0.06945938882683023,-0.13455102000726565,0.582264998418855,0.48779251949397234,4907
2003-07-31,0.0693822000000002,0.0233,-0.004736413142992099,0.0043557019394508956,-0.0058,0.2643451817791105,0.30353586832247326,0.603282445484919,0.4772324951500509,4863
2003-08-31,0.0871550000000002,-0.0124,-0.0011813465365160796,-0.008820833438417915,-0.0007,0.4235613917464756,0.418454272327077,0.6262374168900188,0.5102908261742808,4830
2003-09-30,0.22384260000000009,0.0608,0.03786460747826309,0.039659794898644074,0.04,0.6749621398155208,1.0766624097402675,0.6332028630130768,0.526163429241357,4805
2003-10-31,0.13915508000000007,0.0135,0.013577763897699827,0.014381146831298965,0.0137,0.4865047605168183,0.6714663615617198,0.6352570788106029,0.5442149886885789,4791
2003-11-30,0.14023956000000007,0.0429,-0.05511211722093611,-0.04212940594701932,-0.0553,0.2904925181194532,0.7654522593816884,0.698414176848897,0.5750466468419843,4768
2003-12-31,0.21440226000000007,0.0215,0.026150646682044205,0.01584957060604702,0.0256,0.5695373402228263,1.0737975593372378,0.7259815551087887,0.5571463814172134,4743
2004-01-31,0.28176231999999996,0.0139999999999999,-0.011520768780690449,-0.008140767591360145,-0.0118,0.6393183035475268,1.7035323909197775,0.7181625572952677,0.6371519575261799,4711
2004-02-29,0.3219215399999999,-0.0132,0.0016059887167094162,0.0019259259632819978,0.002,0.7588809579706599,1.9231196467334684,0.7654761613882705,0.631576313013082,4690
2004-03-31,0.3249468499999998,-0.0181,-0.05391694333058747,-0.04351812395315716,-0.0537,0.7221397560758394,1.827012135081025,0.7973461308425778,0.64552203340053,4668
2004-04-30,0.23655752999999974,0.0118,0.01526975278862653,0.01929613188716967,0.0149,0.4494787263677521,1.2511613504440937,0.7994606534805111,0.5236636309272921,4654
2004-05-31,0.16135909999999976,0.0185,0.020593841414874085,0.01872583622882175,0.0206,0.04040591116366388,0.9695515874462635,0.818286405364309,0.5997768137913607,4629
2004-06-30,0.15902861999999984,-0.0404,-0.023037004395333786,-0.008319494797425317,-0.0224,0.07941606127484341,1.002100584208447,0.8535809738736071,0.5807600502519268,4611
2004-07-31,0.15443076999999983,0.0007,-0.016460684778426746,-0.011678749628613549,-0.0156,0.003970011815137897,0.9277245149705207,0.8755233642835913,0.5347030811845135,4591
2004-08-31,0.08969820999999986,0.016,0.054477575188079996,0.03762116850215021,0.055,-0.3790493837577464,0.5620766662459755,0.9738778696959771,0.5895412677786043,4570
2004-09-30,0.10294078999999984,0.0141999999999999,-0.01483090656690643,-0.008988473281334383,-0.0149,-0.43178123730387896,0.7053839006061842,0.9906265302309242,0.6297638189917094,4558
2004-10-31,0.061606389999999844,0.0453,0.03154488714661366,0.0018430171870886802,0.0311,-0.5104741702081154,0.4150738021783976,0.9719167655875366,0.6543182232800441,4563
2004-11-30,0.062280829999999746,0.0342,-0.030143993428318343,-0.02798403620417935,-0.0285,-0.46450472346644717,0.4305181414479311,0.9804114538052282,0.6218797765808677,4564
2004-12-31,0.06443551999999975,-0.0275,0.031176664169784183,0.036017108203230855,0.0312,-0.41240789997320887,0.41960607724928756,0.9399631397756829,0.6369339262257218,4551
2005-01-31,0.07638845999999976,0.0187999999999999,0.033932709710476044,0.03847823464668858,0.0343,-0.4830801666761887,0.4658883721288955,0.9493183478687477,0.5779238525699566,4543
2005-02-28,0.034380609999999846,-0.0194,0.004500004933642176,0.006988289614555901,0.0043,-0.5145405794516036,0.2192619507370342,0.9546805358758967,0.565854157217279,4537
2005-03-31,0.06615944999999976,-0.0260999999999999,-0.007013832701923517,0.005862185587978151,-0.0069999999999999,-0.4834259503223559,0.3973076547828572,0.9637069444274404,0.5429223079655643,4530
2005-04-30,0.06483695999999975,0.0365,0.00382260623981457,0.01076399653075212,0.0037,-0.40718180305946566,0.42826731573380117,0.9903358118051064,0.5573775195321705,4532
2005-05-31,0.026456879999999856,0.0058,0.020920506191160666,0.018507188483165612,0.0208,-0.6143878446895414,0.17761509161505423,0.9776873516202217,0.6160680037858334,4536
2005-06-30,0.043394079999999856,0.0392,0.0005488411802199791,-0.00291097638909521,0.0005,-0.4626666046171093,0.27185677920474915,0.9729796716306652,0.5898327573574772,4533
2005-07-31,0.09113885999999985,-0.012,0.020164581990538458,0.014027084915781885,0.0204999999999999,-0.21260362038463065,0.6151817515616143,0.9839061224343155,0.6071864729131767,4524
2005-08-31,0.12800939999999986,0.0048,0.0342974388841076,0.026312472077261055,0.0346,0.0109431552750609,0.8365168729387769,0.9935905546542809,0.597954867848981,4513
2005-09-30,0.10017499999999985,-0.0204,-0.013003783298963675,-0.009279711490162178,-0.0127,-0.09618034016261978,0.7341997310940452,1.0034031339900173,0.6085067276662863,4502
2005-10-31,0.09095529999999995,0.0361,0.0025466327452961512,0.002778416899478192,0.0029,-0.07559209078015922,0.5954692739513694,1.014611827702472,0.6279508400852445,4498
2005-11-30,0.027014259999999936,-0.0024,0.007721988366855136,0.006128898167362577,0.008,-0.2245136784782486,0.17298991376642767,0.9490754340791341,0.6118391927488537,4503
2005-12-31,0.028723499999999937,0.0302999999999999,0.02714490450696571,0.03090449611152049,0.0253,-0.16898437528454902,0.17165067643645132,0.8678755559636397,0.5892890558999717,4485
2006-01-31,0.05453766999999994,-0.003,-0.018922897411724413,-0.012047494312496344,-0.0182,0.000788089148353488,0.3675836152096777,0.9416089299050201,0.6316465533213544,4472
2006-02-28,0.06539704999999994,0.0147,0.013076510854608356,0.017840082207472817,0.0127,0.1611879907575849,0.4391779901799451,0.8837605545891446,0.6068328367072549,4453
2006-03-31,0.08213386999999994,0.0073,0.00772491463608148,0.002946695698702451,0.0060999999999999,0.20862523594463245,0.5877882186091496,0.9183166598233695,0.6534196990780182,4445
2006-04-30,0.12328978999999984,-0.0356,-0.03637084981429094,-0.030842998475517372,-0.0366999999999999,0.49406861502346205,0.8164846668581944,0.8944474073276096,0.6801049200083306,4437
2006-05-31,0.09543006999999984,-0.0034999999999999,0.01474971548393979,0.014079501673216928,0.0155,0.351807960204846,0.6134005013105915,0.8907609391908036,0.6166127732304791,4445
2006-06-30,0.05296276999999985,-0.0077,-0.020214979349350484,-0.009038252833762708,-0.0204999999999999,0.23637648987503124,0.3477189940525295,0.8337337658694917,0.606467786680071,4445
2006-07-31,0.011895239999999951,0.0203,-0.03393169715751543,-0.02722200238135789,-0.0337,0.08034927479547038,0.0757470592180726,0.8172655399579425,0.5985667183412673,4455
2006-08-31,0.016274749999999952,0.0184,-0.009424999593733907,-0.005768854444129324,-0.0098,-0.09723402946559179,0.10175124782766894,0.8183546017574517,0.6083455063266482,4451
2006-09-30,0.03131435999999995,0.0322,-0.001891402902587741,-0.001060057941285178,-0.0024,-0.012795786993867297,0.21533304068908476,0.8276888148443968,0.6107697818802038,4457
2006-10-31,0.07006143999999995,0.017,-0.010475657698380485,-0.013953784194128138,-0.0101,0.06542139037299444,0.47932835815721786,0.8146274833660316,0.6029335520094029,4456
2006-11-30,0.06640769999999996,0.0085,0.007787010323050857,0.010805193425650299,0.0079,0.07593301399686336,0.4507720067654606,0.7807617968403574,0.5811097062546171,4455
2006-12-31,0.08544537999999996,0.0138,0.0021059071873633095,0.0026510059787502246,0.0025,0.14426984461842318,0.5972111633195927,0.7868915977085886,0.6447879093179207,4435
2007-01-31,0.06456327000000005,-0.0196,-0.01353916983198758,-0.009284404149296509,-0.0131,-0.04628864731798432,0.44694659471653886,0.7701736982272651,0.6199592668922922,4422
2007-02-28,0.08111091000000005,0.0070999999999999,0.02491440960122167,0.03196608026848058,0.0259,-0.024607031015547287,0.6218700821766747,0.7555829528624836,0.6126826863750373,4402
2007-03-31,0.04677171000000006,0.0349,-0.0018332883861669758,-0.0019072488835818469,-0.0021,-0.08479058490033309,0.3211913615332218,0.7527987045393845,0.6284741039061268,4399
2007-04-30,0.04657033999999995,0.0323,-0.0016120466542938194,-0.0005444473085901742,-0.0034,-0.10279060764113557,0.3148830492271033,0.7393756809695002,0.6312456862826684,4394
2007-05-31,0.11681304999999995,-0.0196,0.003840160759047622,0.004443150570709478,0.0046999999999999,0.07356008537650816,0.8001900446410503,0.7387527323876055,0.6292588503468316,4388
2007-06-30,0.15143557999999988,-0.0372,0.02796301671307872,0.018937117861433886,0.0294,0.10412601757869189,1.0370621176118573,0.7493228071598343,0.6368665139990641,4372
2007-07-31,0.13925830999999986,0.0093999999999999,-0.0002763831122492462,0.009418740728834567,-0.0002,0.31031175814398027,0.950610665443604,0.7422377786939474,0.6341625603059058,4357
2007-08-31,0.08102061999999988,0.0322,0.04545892100160792,0.03534427546150144,0.0444,0.1947067780223216,0.5186664413639425,0.7542151236251478,0.6340161370340537,4343
2007-09-30,0.07230677999999978,0.0179,0.050567961368250994,0.051330706376858944,0.0498,0.11639787308414362,0.4020410277315528,0.760538744429132,0.574800182822547,4336
2007-10-31,0.07233575999999978,-0.048,0.010674889511872183,0.02573506008585319,0.0109,0.05118580284972196,0.3648760078446584,0.7376083592656242,0.5635728589277318,4334
2007-11-30,0.07321846999999977,-0.0087,0.06561940503256661,0.060283528146314755,0.0657,0.11437106468091784,0.3484771723815949,0.7388933171215137,0.5297055115104451,4326
2007-12-31,0.014683919999999767,-0.0633,-0.07690989844513468,-0.0820907879207925,-0.0778,0.015533596764670587,0.065773132340521,0.7470664821958666,0.5381539505124919,4298
2008-01-31,-0.007617120000000227,-0.0308999999999999,0.06104872061328194,0.05888368474451942,0.0613,-0.0027445517756373716,-0.03140900523724463,0.7596808171713567,0.5204536059937771,4290
2008-02-29,-0.05488140000000022,-0.0093999999999999,0.04209186375571944,0.033855275120942996,0.0425,-0.21776200966594061,-0.23078364231674253,0.7074726412308325,0.5139205289428715,4293
2008-03-31,-0.09371510000000002,0.0461,-0.006503997445524948,0.010543511920746922,-0.0031,-0.24537475972225997,-0.41217161929243207,0.7306773115772291,0.499677783446848,4289
2008-04-30,-0.1367159099999999,0.0187,0.03361319215759388,0.019823254056446152,0.0338,-0.28151622001925525,-0.5437670445879403,0.6828154311046244,0.4636921850293816,4299
2008-05-31,-0.12394837999999991,-0.0843,0.12554001152180183,0.10440507880308776,0.1273,-0.1948565418223247,-0.5006980525974651,0.6551701695251101,0.44623358660252277,4293
2008-06-30,-0.08572596999999993,-0.0075,-0.052073152048466485,-0.005970871108846249,-0.0501999999999999,-0.13235963682725616,-0.36389058828130877,0.6558811320018143,0.44972131234656193,4287
2008-07-31,-0.13855410999999995,0.0153,-0.0454337056724914,-0.03220093930828967,-0.045,-0.21760989636949402,-0.5382687357384948,0.6636345138986727,0.44913286215606174,4295
2008-08-31,-0.15537126999999984,-0.0935,0.007536087708290215,0.008610455430115627,0.0078,-0.24617987911247907,-0.5813565465313171,0.6720966962202926,0.4497892123064031,4266
2008-09-30,-0.17138536999999984,-0.172,0.08106122429958157,0.06019866469166754,0.0784,-0.2378082774468423,-0.6934789647386091,0.6952620140729154,0.4494026535222535,4264
2008-10-31,-0.2910096799999998,-0.0774,0.07193163270147888,0.07240062712312664,0.0726,-0.4613615192423482,-1.0411634477496918,0.7162461365460988,0.474525739870918,4265
2008-11-30,-0.44231527999999987,0.0177,-0.05165847297557253,-0.030563806085548373,-0.0508,-0.45823497939903707,-0.9628651315749821,0.5502168839738351,0.34522698657664724,4253
2008-12-31,-0.5169306199999999,-0.0809,-0.014552256952378204,-0.06295742644828106,-0.0216,-0.5048219754697507,-0.9207258996623662,0.5492565866789302,0.30824157856862433,4237
2009-01-31,-0.4323699499999998,-0.1014,0.04403871468704673,0.04109647020252599,0.0434,-0.4411008318956175,-0.7130999279352964,0.4687686533585911,0.28644676425786364,4219
2009-02-28,-0.4880001199999999,0.0901,-0.1205920052964117,-0.12193265811492639,-0.118,-0.3716350729811041,-0.7654782327289888,0.439154913844449,0.27741113781232307,4205
2009-03-31,-0.5901995600000001,0.1017,-0.3506218616025408,-0.29543830588063325,-0.3436,-0.3308874319200943,-0.8352258289410035,0.4567191416080113,0.26518799889720307,4182
2009-04-30,-0.5521274,0.0521,-0.1262250367895445,-0.14526515993928354,-0.1253999999999999,-0.3585014632902367,-0.8206833714179476,0.4162332082236425,0.2898126634014321,4164
2009-05-31,-0.47909711000000005,0.0042,0.052972735383265815,0.022563046568215527,0.054,-0.24863805621086532,-0.6769441229281886,0.3009816797342525,0.2421162800116631,4137
2009-06-30,-0.33844834,0.0774,-0.05562878226353614,-0.0400222356490723,-0.0561,-0.08268033273182651,-0.4072477396828195,0.21325621669070738,0.2068476278181943,4113
2009-07-31,-0.3267214,0.0333,-0.0927839434391812,-0.10918476047096494,-0.0911,-0.10479487919938835,-0.4098387081948276,0.19796512759536622,0.21321420744379035,4093
2009-08-31,-0.27036592000000004,0.0408,-0.04882188254016806,-0.053754403364763254,-0.0483,-0.05277301526581646,-0.34266537052787605,0.19141383899622977,0.20652861526013616,4069
2009-09-30,-0.13607614000000004,-0.0253,0.025781157919772812,0.01571323939465455,0.0258,0.19708989678721345,-0.24887075487996918,0.2348277355006846,0.2383629901878388,4057
2009-10-31,0.10450153999999998,0.0562999999999999,0.004619369099987954,0.024772261240606514,0.0039,0.6685428123209693,0.17559690075033177,0.23911181414130728,0.23690040821533237,4038
2009-11-30,0.16192898999999997,0.0279999999999999,0.02858227369285777,0.018211770580409015,0.0297,0.7906878163394535,0.24204061437606028,0.24872042975756342,0.25529266504131337,4013
2009-12-31,0.19767258999999987,-0.0335,-0.05214606957940891,-0.03927232880942066,-0.0530999999999999,0.7318881794774598,0.3335843661983278,0.2565439577832039,0.2661259011371898,3984
2010-01-31,0.31233059999999974,0.0339,0.03750490859329997,0.04796713507968456,0.037,0.7144927144537849,0.42576654925825663,0.2245457616056043,0.22898023405870382,3951
2010-02-28,0.3893801699999998,0.063,0.03707857759544711,0.022665631521908175,0.0358,0.7490625877687069,0.46614112271299113,0.22287503125686467,0.205516347087845,3929
2010-03-31,0.3401669899999998,0.0199,0.032473915704600044,0.012686825626459675,0.0319,0.6570191284806314,0.5256831639583761,0.29846892429311295,0.2207202752429132,3909
2010-04-30,0.3078447499999998,-0.079,-0.0026531027541959046,-0.0018681909742847697,-0.0018,0.5787131876935786,0.9455440647298985,0.44755247291151423,0.3563189418212719,3892
2010-05-31,0.27796115999999976,-0.0556,-0.029383179191635432,-0.020550316952163944,-0.027,0.5839668856403046,0.8208855553969296,0.4544643194980994,0.3649501812974866,3870
2010-06-30,0.1885461199999998,0.0692,0.017970838998508445,0.01913768160938907,0.0177,0.5380900756951832,0.5563952712168632,0.4386788756069751,0.3437883726396056,3859
2010-07-31,0.05845881999999978,-0.0478,0.0005265791862345964,0.0034520559050397748,-0.0006,0.22058160369651025,0.1898537886844172,0.4348720979060697,0.3666362277272835,3852
2010-08-31,0.09067547999999977,0.0955,0.01319732589333994,0.011166847140389985,0.0135,0.17749160754210247,0.3204649626692154,0.4393081976498652,0.36615185428600183,3827
2010-09-30,0.0014641399999997598,0.0387,0.014598126070126942,0.012856750907340377,0.015,-0.0906355070349566,0.005013086082254136,0.43979527070781443,0.3752787589909675,3832
2010-10-31,0.11377442999999976,0.0059,0.027422816576272872,0.03181154158492706,0.0271,0.18365684977037577,0.4224879020757127,0.44469155111105274,0.38721578807438584,3832
2010-11-30,0.09784255999999986,0.0682,-0.03001223150766802,-0.028746167502761488,-0.03,0.1784167798750642,0.35005788145537176,0.4413403477383786,0.3752024396480449,3825
2010-12-31,0.07649395999999994,0.0197999999999999,-0.003728532866547356,-0.018267350583001947,-0.003,0.1930330566266254,0.26778203849560694,0.4448265912543633,0.3881237322606653,3805
2011-01-31,0.17465814999999996,0.0348,0.018995564518045738,0.01663558262852237,0.0189,0.3485746468690154,0.644653867483441,0.44175073554298905,0.385036831617406,3777
2011-02-28,0.16131333999999986,0.0045,0.03422344610200717,0.03458007300215413,0.0342,0.298041442277061,0.6205995825706295,0.4345400372230025,0.38732983877147703,3774
2011-03-31,0.13587411999999985,0.0289999999999999,0.0003572259696521113,0.007290698069735918,0.0006,0.20304504755706376,0.4761480671951821,0.4156466261378884,0.37060315061937543,3771
2011-04-30,0.12085141999999985,-0.0127,-0.005628055479939952,-0.0015906632725088514,-0.0058,0.11365350630141713,0.4275497246128206,0.41340339046237007,0.37388248268999624,3761
2011-05-31,0.23424351999999973,-0.0174,0.018020990665956332,0.020866995862543983,0.0182,0.2767703739872249,0.8502782251769011,0.4008924665000382,0.3604562563706177,3743
2011-06-30,0.28006802999999975,-0.0235,0.002542128901414035,-0.004043577804520644,0.0017,0.4186122078218467,0.9787220153896377,0.40889274812525434,0.3473739340898423,3735
2011-07-31,0.19796082999999975,-0.0596,-0.0029746307193044413,0.0023002184846191986,-0.0026,0.21745449652205473,0.7185520929803964,0.40244627703758884,0.3410270807826047,3707
2011-08-31,0.22398863999999977,-0.0758,-0.02358046575680653,-0.03301243334236917,-0.0236,0.31553199624149375,0.7742791507652411,0.4066861201919166,0.327420558493429,3695
2011-09-30,0.07447223999999975,0.1133,-0.013042963090798193,0.007909905316671961,-0.0144999999999999,-0.14366471903897415,0.22614377001069158,0.39247848573253724,0.2918059267196296,3689
2011-10-31,-0.04427184000000027,-0.0027,0.04073883573028463,0.042155353827694655,0.0385,-0.44066103928763667,-0.12275824432785179,0.38233430797896933,0.29754700103425324,3691
2011-11-30,0.05032666999999974,0.0075,0.018388978715287822,0.011737408409162051,0.0183,-0.21828779385956532,0.1524304742116661,0.38545100245819264,0.28587591875465695,3688
2011-12-31,-0.015922560000000252,0.0504999999999999,-0.07971618101827838,-0.0792848690934512,-0.0801,-0.3697301170302657,-0.04109610339004814,0.3663283040729085,0.28612424699233496,3669
2012-01-31,-0.02788479000000016,0.0441999999999999,-0.004471858815804655,-0.018824353436441787,-0.0026,-0.3809722915664344,-0.0709508578458074,0.36084182125658876,0.30946412740982804,3657
2012-02-29,-0.013520520000000251,0.0312,0.012998535938457227,0.021032400256172375,0.0132,-0.34986942671878385,-0.04115816076782157,0.3570302587511233,0.30791473310162176,3646
2012-03-31,0.024246539999999657,-0.0085,0.03768368845055197,0.04130055634321384,0.0378,-0.29190372768202855,0.07237608219233742,0.35872339408318793,0.3084446427844271,3635
2012-04-30,0.02631409999999975,-0.0617,0.0651659348368471,0.06050037281757956,0.0645,-0.3204622668885173,0.07330039726348125,0.353997257906121,0.3090627167255989,3629
2012-05-31,0.030603139999999748,0.0389,-0.011015351976788032,0.004953469702405559,-0.0111,-0.2966110817993286,0.08703322981528416,0.36044594339178454,0.30385109116137077,3620
2012-06-30,-0.01719482000000025,0.0079,0.03031401300435191,0.01979923181730011,0.03,-0.40941601299697683,-0.045526957706418666,0.3605792219483749,0.3008529263015952,3623
2012-07-31,0.04424421999999975,0.0254,-0.023849108586154254,-0.010882256902261283,-0.0233999999999999,-0.40800986431015074,0.11471469098296065,0.3531797817946269,0.3094976619898891,3603
2012-08-31,0.11522800999999977,0.0273,-0.011500640396597837,-0.014901506317521754,-0.0113999999999999,-0.2363915564185367,0.3203472212148332,0.3484003451562281,0.3354295007372152,3588
2012-09-30,0.2215259499999998,-0.0176,0.0005727928409483864,0.011405468585357095,0.0007,0.1385636449857245,0.6604391251803832,0.3599960820302992,0.2938283326507965,3573
2012-10-31,0.14761481999999979,0.0078,0.004138074585152304,0.005268859532782354,0.0053,-0.09171240741110409,0.4312437149739501,0.34442374695846095,0.30490598661317286,3562
2012-11-30,0.13241410999999978,0.0118,-0.02820634482139915,-0.017269709318191884,-0.0293,-0.06551935250208996,0.39371090705460593,0.3474408911939941,0.3002993200212072,3543
2012-12-31,0.13270873999999977,0.0557,-0.018048523469707103,0.0008240866814545472,-0.0177,0.02831242229680353,0.40378740382853906,0.33620719979410174,0.32886101606418455,3536
2013-01-31,0.09641856999999987,0.0128,0.01133618450380339,0.01748782219439156,0.0124,-0.04402149533699895,0.3229151717901452,0.3311898312993271,0.3369625418154982,3523
2013-02-28,0.10676971999999996,0.0404,0.018952957905462295,0.023050226841291675,0.0191,-0.026731351364851608,0.3811549477593389,0.3170673163719203,0.3349099593947887,3525
2013-03-31,0.08917931999999995,0.0156,0.0026503797629443236,0.007844741879289454,0.0019,-0.061974264861809014,0.2896181778499174,0.3116316295281575,0.3366104545405151,3523
2013-04-30,0.13651940999999995,0.0279999999999999,-0.017514166048422257,-0.012182410173646477,-0.0200999999999999,-0.006398070264364009,0.462146297942102,0.31586776800127025,0.33547282512634913,3518
2013-05-31,0.21737676999999997,-0.012,0.0039571453503873585,0.005748505150327341,0.0058,0.17675515999582925,0.7347584700329032,0.3214465208493018,0.3269536118602713,3500
2013-06-30,0.20720597999999987,0.0565,0.017281432960891643,0.0013514650941513356,0.0175,0.3337511465429571,0.66721056385561,0.3141910630327849,0.32906165171228624,3495
2013-07-31,0.18722438999999988,-0.0271,0.000250185338759288,-0.0031561758079848602,0.0005,0.317664319945256,0.6013257461788162,0.319107640072801,0.3231041225657454,3483
2013-08-31,0.21577983999999986,0.0377,0.029827480379079042,0.01655280303717454,0.0304,0.25702275482434556,0.706993531490343,0.31643986451772155,0.32549857220222395,3469
2013-09-30,0.16139344999999986,0.0417,-0.0009244482484151162,0.007459357280497927,0.0007,0.2419913774687642,0.531779839886754,0.31938847256839886,0.3236047803330292,3476
2013-10-31,0.21558015999999985,0.0311,0.004945000470744795,0.012498547612363055,0.0036,0.3111298162687911,0.6888138457991426,0.322010857329608,0.3294527007697188,3468
2013-11-30,0.2478028899999999,0.0281,-0.0009162988737277979,0.0013612957837202781,0.0002,0.24371114153853835,0.772070095619585,0.31803491539753925,0.3291364241813914,3458
2013-12-31,0.2662760999999999,-0.0332,0.015540227474423234,-0.008567538382010827,0.0163999999999999,0.15952123443679678,0.762482182884532,0.32267046198035443,0.3225324061474142,3440
2014-01-31,0.24098897999999985,0.0466,0.02264240920797797,0.01962148122736246,0.0216,0.16339123640137032,0.7545786044651079,0.3196982113753186,0.3292055563808278,3436
2014-02-28,0.19405057999999986,0.0043,-0.03367445853326796,-0.020821550139073667,-0.0327,0.15267026269209727,0.6669307523139958,0.3233937204742847,0.33644462713984485,3427
2014-03-31,0.19971117999999988,-0.0018,-0.03774318021827857,-0.027782618232830746,-0.0389,0.224076014701024,0.6344412699689748,0.3155191516257357,0.32841483799252175,3425
2014-04-30,0.18863604999999986,0.0204999999999999,0.008974174317786852,0.0032813971231284212,0.0088,0.22986279523624986,0.6298096897310148,0.31708497410840586,0.33926367803422325,3443
2014-05-31,0.15961681,0.026,0.006325410201195335,0.004408847169023941,0.0065,0.08996491584283361,0.5896665385184163,0.31638560694451423,0.33610596844383256,3448
2014-06-30,0.19184055999999988,-0.0203,-0.0025435340262491557,-0.012975525297016108,-0.002,0.1646996506894859,0.7280196729841952,0.3308242803754249,0.3479745154628643,3455
2014-07-31,0.1638568099999999,0.0424,0.008513905466771415,0.006950611325963307,0.0084,0.1827872279122177,0.6139900469145886,0.3268316815686272,0.3303747955931223,3461
2014-08-31,0.17097912999999987,-0.0196,0.006348420467900996,0.010540544048315462,0.0064,0.11212045374592639,0.6976429203667636,0.326507390397903,0.327007109644544,3473
2014-09-30,0.1753026599999999,0.0250999999999999,-0.0009574449769650661,0.00926230028230831,-0.0027,0.021913002992021924,0.6632793746330475,0.3288688814532641,0.3447380974374587,3481
2014-10-31,0.11535738999999988,0.0256,0.008796972673137303,0.023692777766002565,0.0069,-0.06606515994604623,0.48125358138758545,0.34743457565872815,0.3508244385474202,3496
2014-11-30,0.10969458999999979,-0.0005,0.008763264416597387,0.009125419421340191,0.0105,-0.21638485725936074,0.4196659921384132,0.3276376691353471,0.3366815595213415,3488
2014-12-31,0.10732883999999979,-0.031,0.03598663150010427,0.033142625134572626,0.0372,-0.29623511064307917,0.3591676674412795,0.3244487803656445,0.34441102654675215,3494
2015-01-31,0.1411308299999998,0.0613,-0.03170160104210833,-0.03928217302717059,-0.0287,-0.2512018907592073,0.4878241746049222,0.32906065388638767,0.32904166683405767,3499
2015-02-28,0.06474138999999979,-0.0111,0.028700714058576892,0.04006252961843451,0.0272,-0.4297428568548717,0.1984600591607381,0.3293678877716131,0.34029818476809603,3518
2015-03-31,0.11800218999999977,0.0059,-0.07173908628851934,-0.07019233172610609,-0.0726,-0.29672636518686124,0.3706482248396051,0.3269670173894865,0.3476055856590082,3526
2015-04-30,0.10858221999999977,0.0137,0.05719245694058675,0.05386157925908949,0.0576,-0.23205323801375877,0.22849341378557506,0.24814688156546733,0.24488421040386005,3526
2015-05-31,0.09436765999999985,-0.0152,0.030736118154304663,0.032764698607162586,0.0301,-0.2280244639879897,0.2146842720574045,0.2481243886338632,0.22635949963019525,3543
2015-06-30,0.08255596999999987,0.0157,0.1004577012286424,0.10158829009901757,0.1003999999999999,-0.2610652830317983,0.1709006917136571,0.25657164979169944,0.22023801990327035,3563
2015-07-31,0.08783701999999986,-0.0602,-0.02040754355375879,-0.020371145849152637,-0.0215,-0.24424845466879397,0.16366928257321012,0.2487707713053286,0.2036504024790063,3564
2015-08-31,0.06268828999999985,-0.0306,0.05209887188800284,0.0614783323325178,0.0526,-0.3071562066304784,0.10395628193121768,0.24218311987224034,0.19932650107289637,3555
2015-09-30,0.018848409999999857,0.0775,-0.03229435068788489,-0.018777794046130364,-0.0329,-0.2518632951302583,0.033121782375764644,0.24874801616831613,0.19332398977781376,3573
2015-10-31,-0.03715794000000005,0.0056999999999999,0.024514900627248322,0.01927531498252371,0.023,-0.3560157058418547,-0.06073554086938233,0.24040445163797972,0.19051566917253313,3583
2015-11-30,0.009391169999999942,-0.0215,0.034415812960544856,0.03815194415037634,0.0333,-0.27299930432652963,0.017132727087716293,0.2409034536822939,0.1952446550799894,3572
2015-12-31,0.015558929999999842,-0.0574,0.01512002455650209,0.024738246099973604,0.0148,-0.27401493745628336,0.025223185274441416,0.23850149049463873,0.1902818117300243,3564
2016-01-31,0.025559829999999836,-0.0006,-0.04314911940228222,-0.023645363925951263,-0.0436,-0.2634951148439608,0.04175960990767418,0.24311438618714315,0.20487793634108764,3549
2016-02-29,-0.09267150000000016,0.0695,-0.0502267074043193,-0.06591840907315227,-0.0504,-0.4651464489423729,-0.14503076489739736,0.24368649870127995,0.21268417265761452,3531
2016-03-31,-0.08204853000000015,0.0092,-0.05925620803149937,-0.05771274127569537,-0.0599,-0.5033668456150345,-0.13160549731161963,0.24252236237267458,0.2119559451689025,3526
2016-04-30,-0.023257870000000153,0.0178,0.01622657622996873,0.027229204218034445,0.0139,-0.4102836021576216,-0.03918168090841291,0.2340232039621845,0.20608990858911716,3526
2016-05-31,-0.02765574000000015,-0.0003,0.040469741836233725,0.034742419810205975,0.0414,-0.4363540081105177,-0.05322503234654588,0.2613008040836163,0.20588496227487027,3528
2016-06-30,0.005256679999999852,0.0394,-0.0340056107335615,-0.038368305075911636,-0.0338,-0.38632302154896014,0.009821035911395798,0.26002253276488446,0.19066480297527955,3540
2016-07-31,-0.010496860000000146,0.0049,-0.03502134160158503,-0.02414295433419464,-0.0346,-0.3447741108196776,-0.019497371115952913,0.2537508373032418,0.20448384336696054,3534
2016-08-31,0.09116693999999985,0.0027,0.0026019929048714044,-0.007041566527947268,0.0023,-0.3015210119081627,0.16910297623240625,0.2092503580909243,0.19163962410368662,3517
2016-09-30,0.12757830999999986,-0.0200999999999999,0.005855477281096269,0.008122776349486445,0.0062,-0.08680361892259414,0.2689970096988067,0.1993525187201312,0.21051370804819108,3516
2016-10-31,0.058776729999999854,0.0486,-0.045856172881263715,-0.0003975888845966641,-0.0474,-0.15578978773166985,0.13067594003556748,0.1919864103056781,0.21246065810071918,3504
2016-11-30,0.03260923000000005,0.0181,-0.002761050617131139,0.0054958205994409155,-0.0026,-0.21358002387112274,0.06575442013122637,0.19412010615386383,0.2061962301880133,3495
2016-12-31,0.10080251000000005,0.0194,-0.008682478027596988,-0.018079491086386283,-0.0092,0.08517471417228972,0.19510116670232502,0.20060442959031255,0.20674306246113566,3473
2017-01-31,0.17925849000000005,0.0355,-0.01629891458260215,-0.014099221969437437,-0.0153,0.2907863605858961,0.32196941019514885,0.21912674110818225,0.21654823544573842,3455
2017-02-28,0.19887461000000006,0.0017,-0.010759269291814488,-0.0010406415432725445,-0.0096,0.303983146057784,0.38863278084926456,0.21577346116830198,0.21168896158527611,3449
2017-03-31,0.16844431000000004,0.0108,0.004993841467552376,0.014889099986767133,0.0051,0.20835687931794128,0.37712839361041217,0.24006287261665116,0.21401496141515053,3444
2017-04-30,0.16102647000000006,0.0107,0.015841813400734046,0.018694687868975303,0.0149,0.10461933903152498,0.34481864841898324,0.2406469998731463,0.2124238645392813,3442
2017-05-31,0.15422305000000006,0.0079,-0.0018835724091886136,-0.014031323764610689,-0.0011,0.11884466565528268,0.35340569177361164,0.2435903037690223,0.20155797150473956,3432
2017-06-30,0.16510217000000005,0.0187999999999999,0.016083994281649208,0.022538459918430127,0.0163999999999999,0.15557067461499835,0.3191276289528599,0.2385159763660718,0.20433023964349478,3436
2017-07-31,0.13509526000000005,0.0018,0.033248091623992074,0.028602547020826274,0.0336,0.0983853003218787,0.26595811601381947,0.24445362012404603,0.21432251789368995,3425
2017-08-31,0.14865364999999994,0.0249,-0.013067787231176478,-0.014413000695512622,-0.0134,0.02095793336321805,0.28755369076307985,0.2400975621434978,0.19503063084897987,3427
2017-09-30,0.14775661999999995,0.0226,0.04246329754933635,0.042602130361157994,0.0424,-0.019293935089001235,0.2457880112080812,0.23403780831897902,0.1698616814677184,3435
2017-10-31,0.19251418999999986,0.0312,-0.009777284226015686,-0.014645068611566326,-0.0091,0.11845763466662718,0.3167042770635151,0.2377888261307758,0.14980286714185584,3424
2017-11-30,0.16834990999999985,0.0106,-0.016624947918472355,-0.019031906346497818,-0.0157,-0.02173337445231549,0.28033947710530416,0.24596326862136975,0.1642721503218641,3407
2017-12-31,0.18078454999999985,0.0558,0.040555083946282384,0.01685887715093564,0.0406,0.011867324843907179,0.29367129756578764,0.2383722131464197,0.1651502843052278,3393
2018-01-31,0.17224676999999983,-0.0364,0.03494356787752129,0.022479788910485805,0.036,-0.001963526699219731,0.31704228335833307,0.23318714260407558,0.16512963657047652,3373
2018-02-28,0.19064619999999985,-0.0235,-0.012577831204516984,-9.237583754217538e-05,-0.0121,0.06718635238724247,0.3878383852583628,0.3284529682534787,0.15678520926057674,3383
2018-03-31,0.15126467999999985,0.0027,0.0032859856556577537,-0.0043004086483248655,0.0045,0.10519718059971084,0.31651699331926886,0.3338304920561338,0.14872388060646324,3385
2018-04-30,0.11656266999999984,0.0266,0.03931272439984929,0.034551085272541686,0.0391,0.07928082321601237,0.2273891631506606,0.33735747260452764,0.15623904945481526,3389
2018-05-31,0.10867250999999986,0.0049,-0.024167521272319338,-0.01627377019853289,-0.0229,0.11744335018325591,0.23353382420527885,0.35656254423867817,0.15380675664253157,3388
2018-06-30,0.12669485999999985,0.032,-0.013280418132348062,0.008447196418710569,-0.0143,0.11357712644827811,0.25946384020228247,0.36877584008627273,0.16073174305047816,3392
2018-07-31,0.11313058999999995,0.0345,0.05293723452429517,0.047666344288874424,0.0533,0.06967958468098268,0.2427969376225534,0.3731280900918401,0.16456431119740617,3390
2018-08-31,0.14226024999999995,0.0006,0.0005483183358027249,-0.0037158210185612647,-0.001,0.11629055467218175,0.3180820457302027,0.40046087723801105,0.15488416149247233,3379
2018-09-30,0.15125721999999997,-0.0765,-0.020759647357761382,0.00035130342401848424,-0.02,-0.011954706024159933,0.3176858464824671,0.3932346890127939,0.16773446805324746,3394
2018-10-31,0.12978705999999995,0.0171,-0.013454403856119455,-0.007363776080864574,-0.0141999999999999,-0.026326359043346015,0.2787162420618973,0.4131216943240824,0.16659545489933084,3409
2018-11-30,0.01737855999999996,-0.0955,0.02125315906964266,0.04954561425133863,0.0175,-0.185943132396448,0.036948425691204094,0.42715543803966716,0.15661032150969456,3401
2018-12-31,0.02367726999999996,0.0837,-0.08611327796230955,-0.09292517490385101,-0.0864,-0.23317527850517994,0.04999033817450383,0.429431444528544,0.1465226708745651,3391
2019-01-31,-0.13338651000000004,0.0342,0.004831171861281812,-0.006320731330772517,0.0076,-0.3870222632223714,-0.23846005740830184,0.4007676533663207,0.15841267751049107,3377
2019-02-28,-0.01918305000000005,0.011,0.02216260015893019,0.009569164038095008,0.0227,-0.2739964732230157,-0.03723856257368466,0.36611653206038497,0.14618008521130216,3377
2019-03-31,0.03780979999999995,0.0397,-0.026509670878439282,-0.016599056760827968,-0.0291,-0.1970168166778687,0.07244091935403613,0.3676494686864106,0.14669551784235335,3382
2019-04-30,0.04597896999999995,-0.0692,0.07409267520253157,0.07374465282187401,0.0756,-0.22028900276751934,0.09306129201293614,0.3779709896600447,0.14594035712193715,3378
2019-05-31,0.05816430999999995,0.0699,-0.023088878274452357,-0.008460127646620241,-0.0226,-0.2120516631044514,0.11730105662575832,0.36424060723020457,0.13817902119406617,3399
2019-06-30,-0.02054814000000004,0.0123,0.023684508690213622,0.021859424511820172,0.0293,-0.2730936026183803,-0.035776130507927884,0.3450869530097771,0.14894023282093197,3416
2019-07-31,0.013415229999999972,-0.0255,0.07008486004057074,0.06429871152651426,0.0747,-0.24499552354674387,0.024348576269316347,0.33728055097290077,0.15123279108261042,3418
2019-08-31,-0.007713980000000035,0.0141,-0.06662395951491257,-0.056608182612807714,-0.0674,-0.22456158467404003,-0.015498262355813745,0.35371771670159724,0.14757175599688394,3414
2019-09-30,-0.03442217000000004,0.0207,0.00255916732768479,0.019380229143925023,0.0013,-0.2900914025432647,-0.05583649364048231,0.3374206647942005,0.1506815154775964,3424
2019-10-31,0.06166053999999996,0.0387,-0.02665451192080081,-0.004728745069987134,-0.0260999999999999,-0.1355562907631237,0.11648203256622006,0.3087932046419696,0.1767886819109465,3416
2019-11-30,0.06512418999999996,0.0277,-0.018254180361215223,-0.036290506611568164,-0.0224,-0.11557956303922667,0.12881699123735108,0.3120911220100052,0.17344587810545112,3406
2019-12-31,0.20671885999999998,-0.0011,0.060339156658388966,0.01784184583776666,0.0602,0.04894775298967602,0.3323696298512131,0.24069805646189402,0.134105791567002,3396
2020-01-31,0.15709424999999996,-0.0815,-0.002022796038688851,0.0018556220003847074,-0.0025,-0.11312215743493481,0.31009771628730526,0.3241465819029235,0.16069399797535316,3381
2020-02-29,0.12302566999999995,-0.1336999999999999,0.07904571986075859,0.059580747599328326,0.0819999999999999,-0.2141732465139884,0.21907880485229547,0.3234984884105505,0.160865668305796,3381
2020-03-31,0.02412311999999997,0.136,-0.05295969341889789,-0.0877362794908651,-0.0561,-0.19904275435995822,0.04599948019648488,0.31614703865609967,0.1529930406386769,3397
2020-04-30,-0.1653326699999999,0.0557,0.006479904586180821,0.0036658021576502497,0.0015,-0.320771128215541,-0.20805805412607573,0.30111166652899785,0.15427613974743976,3407
2020-05-31,0.026014650000000125,0.0245,-0.0019139141946978716,-0.029393078644949763,-0.0087,-0.14999822346331848,0.03655999549253189,0.27784980663652736,0.15281962308787306,3411
2020-06-30,0.01371842000000012,0.0583,0.0790528974637092,0.04522210311389223,0.077,-0.14444785576187413,0.01669672424797136,0.255539701173576,0.1526439851626533,3419
2020-07-31,0.025490380000000125,0.0762,0.005804085753303698,-0.023840101008501244,0.0043,-0.055144641902970304,0.03205941662999319,0.2531559264530909,0.156953332209183,3411
2020-08-31,0.10649511000000011,-0.0364,0.03466774687387539,0.0408928240866204,0.0318,0.042948537144936294,0.136408488236433,0.2470339235232118,0.16776958998529193,3404
2020-09-30,0.1630052400000001,-0.0208,-0.033796544952946685,-0.03156160511968004,-0.031,0.03587704882757159,0.19547875889129093,0.26255855580824816,0.1690505422516374,3411
2020-10-31,0.10504346000000013,0.1245,-0.11879422042091042,-0.08789592290579398,-0.126,0.02171470053093305,0.12113156621920942,0.2624500364018961,0.17262377522378777,3413
2020-11-30,0.04665703000000013,0.0463,-0.02348359781612261,-0.03359944116827299,-0.0226,-0.0022442501171229257,0.06190783851430054,0.2557634472678644,0.17732952588015502,3410
2020-12-31,0.12875040000000013,-0.0007,0.03989785887086694,0.04880598432576255,0.0434,0.06469573928257177,0.18834039025015753,0.2697469760499319,0.17530471216130017,3417
2021-01-31,0.17400186000000012,0.0281,-0.08188464178567463,-0.055048017617131836,-0.0799,0.25578473123083145,0.2528388214217968,0.2658490792420472,0.18242262668453643,3422
2021-02-28,0.2613458200000001,0.0317,-0.06464281776299574,-0.055363665338075185,-0.061,0.3122247412957582,0.35178766693360985,0.3199523751729599,0.1360565798792106,3416
2021-03-31,0.44007145999999997,0.0495,0.011366414019374192,0.012351716212277642,0.0121999999999999,0.7074315124852523,0.5156796229564486,0.28706493362018276,0.17896676457211916,3416
2021-04-30,0.35326256999999994,0.003,0.00836531776747628,0.018840126082994665,0.0056,0.600465274391448,0.6931020655599038,0.4754139901567463,0.21490273670367668,3416
2021-05-31,0.34772037999999994,0.0274,0.01908720989657779,0.008376590272133826,0.0207,0.6108734260124318,0.6913821320749154,0.500831235405124,0.21550836005849497,3425
2021-06-30,0.32681407999999995,0.0134,-0.018326387971354555,-0.02127828173017693,-0.0218,0.585665894022788,0.6722294133909812,0.4679303401237447,0.24823516929195438,3440
2021-07-31,0.29856804,0.0294,0.02929863980442178,0.01339745056305797,0.0263,0.49230107892491193,0.623730602942083,0.46754322199028786,0.22347825944670685,3457
2021-08-31,0.24140253999999994,-0.044,0.016638280178814805,0.011771531662698412,0.0143,0.417767808678641,0.5105922733083463,0.46196527901124546,0.2275512988392554,3484
2021-09-30,0.3076595,0.0663,0.03682533397573641,0.03289997116143269,0.0331,0.452056084306291,0.6127955976772286,0.4285927680479322,0.2422440674871516,3522
2021-10-31,0.28295405999999995,-0.0158,0.014829418581743886,0.021869794865548756,0.0096,0.4816970260929607,0.6239733973243753,0.4503584336251476,0.2526901276280203,3550
2021-11-30,0.23587106999999996,0.0323,-0.017053643907782624,-0.0015230612001304305,-0.024,0.34718561239863366,0.6021797765761692,0.49625748643480283,0.28760777695660644,3577
2021-12-31,0.17566974999999996,-0.0616,-0.021289633792914306,0.010298826954536933,-0.0243,0.20925805063783676,0.45115218330450724,0.4924357480459066,0.2696955833533424,3598
2022-01-31,0.20762371999999996,-0.0227999999999999,0.017308934917065637,0.03384320767551413,0.0162,0.10979989004064916,0.49084562139154375,0.4447249219942,0.25674747810598314,3652
2022-02-28,0.11491876999999996,0.0308,0.028596397494774682,0.005620865521300693,0.0292,-0.06410192519148239,0.3205654525764402,0.4434509732374039,0.26862675643093625,3741
2022-03-31,0.06090382000000005,-0.0941,0.04960637579125746,0.07361529977869524,0.0498,0.03265475238567295,0.15361948928194918,0.43597723888743767,0.2602379313153653,3822
2022-04-30,0.04370543000000005,-0.0034,0.02239896056327993,0.05008050483247128,0.0252,-0.08520199766910452,0.11077147216108119,0.4154138713519047,0.26656450243229823,3866
2022-05-31,-0.062240379999999956,-0.084,0.01595125975603251,-0.0005090165230741128,0.0106,-0.163362500958248,-0.16323390457990347,0.40278692459644455,0.276460307876237,3905
2022-06-30,-0.09230015999999996,0.0957,-0.0385331237808363,-0.016870406449607356,-0.0441,-0.1602084279686251,-0.21930777351142308,0.41391730063418114,0.25256487448768716,3972
2022-07-31,-0.19652619999999998,-0.0377,0.017471226917554806,0.017639356395228924,0.0189,-0.2499569778577,-0.7051637631440688,0.4111205119651643,0.265568814313316,4006
2022-08-31,-0.13859689,-0.0934,0.037717852600252566,0.045593034719389317,0.0371,-0.15341652494755287,-0.44207339055688355,0.41336319847500386,0.2591194324622141,4046
2022-09-30,-0.13171054999999998,0.0785,0.041422366857274906,0.06142334803217729,0.0394,-0.1572494541862377,-0.31802176718651765,0.38486803303568623,0.22715654533859947,4081
2022-10-31,-0.29556096,0.0465,-0.011296301462785922,0.016958101705000395,-0.0171,-0.20396936592869297,-0.4710796104102931,0.36173366558340536,0.23292934547605465,4139
2022-11-30,-0.20735411999999998,-0.0638,0.055562536214010826,0.04102362455893601,0.0494,-0.14618084315731705,-0.5011051833340203,0.4133414194422196,0.23692103141505563,4164
2022-12-31,-0.19440469999999996,0.0661,-0.16633081171965766,-0.17217325348668602,-0.1621,-0.08415933343560511,-0.4869762485313964,0.40769505109348236,0.2315093163848146,4172
2023-01-31,-0.19667003999999996,-0.0256999999999999,0.007881201552716603,0.03916530393706339,0.0052,-0.15657922070957075,-0.5193221454543534,0.3756687493580045,0.20966959456650822,4108
2023-02-28,-0.11185076000000006,0.0248,-0.02966133445894909,0.038341248376969596,-0.0237999999999999,-0.06795855055527145,-0.2501573870942594,0.3778249530556935,0.1942315192509812,4110
2023-03-31,-0.16797522999999998,0.0062,0.020397972261643034,0.02275602940934676,0.0175,-0.062918580883211,-0.37911439352995024,0.3479875314044969,0.19820536082621626,4103
2023-04-30,-0.04092473999999996,0.0034,-0.002941036060521339,-0.009701884911629245,-0.0088,-0.08195007090043349,-0.06712678690079156,0.31045594179465114,0.18326353756900476,4083
2023-05-31,-0.03137433999999995,0.0646,-0.030550529155843095,0.0007770112784180744,-0.0271,-0.09009074874722955,-0.04950344254305389,0.31602238907105545,0.1629705007940253,4069
2023-06-30,0.06300746000000007,0.0321,-0.04220520794866424,-0.05276133720113492,-0.0399,0.1502738572501282,0.0997592766492934,0.2930631685977043,0.1797016377480234,4052
2023-07-31,0.03671095000000009,-0.0236,0.042436864318352766,0.03824613906171512,0.039,0.11641826750157269,0.05458276444004273,0.27590328667837394,0.1800238973061356,4049
2023-08-31,0.10668575000000008,-0.0523,0.0012515629996151661,0.02159933996837811,0.0025,0.19404502140704605,0.173842492293998,0.2667624700503754,0.17188076365072602,4033
2023-09-30,0.18458109000000006,-0.0315,0.023304877131520824,0.015529078281598399,0.0169,0.23446405842266554,0.2529224951627535,0.2510908069586625,0.16017866771433475,4010
2023-10-31,0.05761349000000006,0.0888,0.024748834471844075,0.023981924315359143,0.0259,0.1305573242168514,0.07135717111455389,0.24370778858228914,0.15489652349379068,4000
2023-11-30,-0.01893360999999994,0.0484999999999999,-0.0587806022000647,-0.048767855045880215,-0.055,0.031058276707404686,-0.029577180537501573,0.22730107684034295,0.15611844560086618,3969
2023-12-31,0.12925013000000007,0.0073,0.05451848401558451,0.04553955442581295,0.0546,0.1319509964360378,0.16623427737971133,0.21521561412096424,0.1736398758942892,3943
2024-01-31,0.11368988999999999,0.0507,0.0470231070061393,0.039217076031201226,0.0501,0.04457826132573983,0.18477361038177248,0.22888919068698949,0.17961952346611554,3902
2024-02-29,0.1471753999999999,0.0283999999999999,-0.0026419189901284792,0.007093704072652533,-0.0032,0.018307438613417104,0.23882069727362354,0.2288982955157568,0.18879671975820275,3891
2024-03-31,0.17099628999999988,-0.0465,-0.008000662318725121,-0.008508232444710537,-0.0043,0.13104875152512974,0.24873607432163505,0.22740224100088918,0.18262191225227176,3862
2024-04-30,0.1923277499999998,0.0433,0.012771344523300442,-0.014107048316626,0.0144999999999999,0.2250536549668984,0.2850802123473436,0.2165473244444407,0.21080358253277787,3842
2024-05-31,0.1405078499999998,0.0279999999999999,0.007196290305466747,0.01920990973952954,0.0086,0.13007391780291344,0.2076596748715691,0.2333894354848327,0.17500398809829765,3832
2024-06-30,0.1215739999999998,0.0121999999999999,-0.023397272742635013,0.019256619514557857,-0.0236,0.04309208951758603,0.18208491998762477,0.22206658070791852,0.18727970936275007,3813
2024-07-31,0.11775005999999971,0.016,0.0445509650977694,0.04755997587843877,0.0486,-0.08073583132605944,0.16700217701521158,0.23430943072939742,0.18339400570435765,3800
2024-08-31,0.15379707999999961,0.0172,-0.008975512973476669,0.01122404913912322,-0.006,-0.10074983639359758,0.23757740854665155,0.237207094156768,0.18485829078745997,3775
2024-09-30,0.22427467999999962,-0.01,0.026925585021384736,0.01993188899275395,0.0298,-0.13902356748774358,0.3301590796607868,0.23539903041865656,0.18482639332397893,3760
2024-10-31,0.2734542399999996,0.0649,-0.0014444560798321099,0.0297720793518281,0.0081,-0.03347370711664788,0.3888997106532479,0.23612353404906128,0.18647452610069448,3735
2024-11-30,0.1828693999999996,-0.0317,-0.002752972179567166,-0.059558805386750346,-0.003,-0.0889672791922751,0.275480960319737,0.23756065711718616,0.18165638230983938,3713
2024-12-31,0.1973585899999997,0.0279999999999999,0.019886478104299343,0.0287732174436892,0.0101,-0.09817213927515878,0.2844535433457114,0.23639869965201604,0.196398841816324,3690
2025-01-31,0.1575585899999997,-0.0243999999999999,-0.009728697964844192,0.008749195924571872,-0.0086,-0.07685538562240868,0.21729089574817856,0.20763804772731698,0.20008044673791317,3674
2025-02-28,0.1367544199999996,-0.0639,-0.027594623426583753,0.006443350790515834,-0.0264,-0.11336072793149765,0.16595132694853432,0.21309933171113254,0.1869912568670568,3659
2025-03-31,0.08436825999999978,-0.0084,0.05161260025923626,0.021953999707704147,0.0501,-0.2305177184134798,0.11563355011800783,0.21769156760811498,0.1944700406796425,3642
2025-04-30,0.0650460099999998,0.0605999999999999,0.02916894117618027,-0.002712644637827305,0.0225,-0.2516950710611524,0.09326270488047617,0.22312432260343085,0.19152696874792782,3619
2025-05-31,0.015370259999999783,0.0486,-0.028152149686574222,-0.023461696244839444,-0.0265,-0.30669695033769917,0.020115269090821977,0.19451447921048615,0.1931585753717378,3591
2025-06-30,0.044966419999999785,0.0197999999999999,-0.011030720067463648,-0.02830466108519209,-0.0093999999999999,-0.18533860813711567,0.060076907839273413,0.19328879964980916,0.20854910373965668,3582
2025-07-31,0.07904295999999988,0.0184,-0.039270428871474666,-0.018360109216197698,-0.0361,-0.09127847164152991,0.10435367514231908,0.18497066028985387,0.22083165985603603,3572
2025-08-31,0.0827163999999998,0.0339,0.04194801936788345,0.03054320218962742,0.0462,0.030922111821985232,0.11122874750723087,0.1939428488262686,0.208070497935762,3562
2025-09-30,0.08387255999999979,0.0196,0.006394027294362481,0.007556297495029059,0.0016,0.06911030860747647,0.12759769621228492,0.1939238354232214,0.23280323685886548,3553
2025-10-31,0.1265724799999998,-0.0013,-0.02505056062938538,-0.004475498429406638,-0.0172,0.10384418607557144,0.1960772236512028,0.19150856821560802,0.24397413032022414,3546
2025-11-30,0.08528740999999979,-0.0036,-0.022780946569544082,0.009093053738789235,-0.024,0.04027067000844253,0.14256262999987906,0.2373260951761741,0.24622282959354147,3530
